Workbook

Sheet Start Here
A1: AFK Slayer — Play Sheet
A2: A spreadsheet you can play like the game. Yellow cells are inputs; blue cells recalculate. Built from the live game code (not design docs).
A4: What the game is
A5: AFK Slayer is an idle hunt game. You take a Task (a kill quota) on a monster, fire bolts while you play, and hire hunters who keep fighting when you step away. Kills earn gold, Slayer points, scraps, and signature mats. Slayer points fill a boss meter. When it is full you Fight the Level boss. Win and the next Level unlocks.
A7: The loop (7 steps)
A8: 1. Take a Task on a Level 1 hunt monster (start with Bristle Cub).
A9: 2. Hunt — hold to fire bolts. Kills give gold + Slayer points + sometimes scraps/mats.
A10: 3. Spend gold (and later Slayer points / scraps / mats) on Progress upgrades: Combat, Gear, Company, Camp.
A11: 4. Hire Briar when you can — hunters add their own damage, separate from your bolts.
A12: 5. Fill the Level boss meter with Slayer points (Level 1 needs 120).
A13: 6. Tap Fight boss. Beat Elder Thornpelt to unlock Level 2 (then Ashfang Alpha → Level 3 → Nightweave).
A14: 7. Go AFK when you leave — offline progress runs on the AFK kill rate up to your away cap, and stops if food runs out.
A16: Currencies
A17: Currency | B17: What it does
A18: Gold | B18: Buy most upgrades, gear, and Briar/Quill. Earned every kill.
A19: Slayer points | B19: Fill the boss meter; also buy some late upgrades (Mithril+, Moss/Ember).
A20: Scraps | B20: Camp Scrapwork side path. Chance drop on kills.
A21: Signature mats | B21: Per-family drops (Pelt Scrap, Dire Claw, …). Spend at the Forge.
A22: Food | B22: Hunters eat food while AFK. Empty food stops offline kills. Buy more for 10 gold → +40 food.
A24: Active play vs AFK
A25: Active Hunt: you hold to fire. Kill rate gets the active hold bonus (×1.4). Boss fights only happen while you play.
A26: Go AFK: uses the idle kill-rate formula with NO active bonus. Progress only counts up to your away cap (starts at 6 hours = 360 minutes; Camp Offline Cap, Scrapwork Wick Wire, and Forge Fang Charm add more).
A27: Anything beyond the away cap is lost. Food regenerates during the counted window, then kills spend food — if food runs out, hunting stops even if cap time remains.
A28: In the Play tab, set Action = Go AFK and put hours in the Min or Hrs column. The sheet shows how many hours actually counted.
A30: How to use the Play tab
A31: Each row is one step. Yellow cells are your inputs: Action, Target, Min or Hrs (minutes for Hunt, hours for Go AFK).
A32: Pick Action from the dropdown, Target from the list (monster / upgrade / hunter / boss name).
A33: Blue cells are the running game state after that step: gold, meter, scraps, mats, food, DPS, kills, boss result.
A34: Green Status = OK (applied). Red Status = Can’t — the step did not spend or earn (read the Message).
A35: About 20 example rows are prefilled to a first Elder Thornpelt fight (including one 8-hour AFK). Keep playing in the empty rows below.
A36: Edit Aim uptime and Boss patience on the Rules & Formulas tab if you want different fight fairness assumptions.

Sheet Play
A1: PLAY — each row is a step. Yellow=inputs. Blue=calculated. Prefill=new-player path to Elder (includes Go AFK 8h). Min or Hrs = minutes for Hunt, hours for Go AFK.
A2: Step | B2: Action | C2: Target | D2: Min or Hrs | E2: Status | F2: Message | G2: Level | H2: Gold | I2: Meter Sp | J2: Scraps | K2: Pelt | L2: DireClaw | M2: Food | N2: IdlePower | O2: HunterLabor | P2: Rate Active | Q2: Rate AFK | R2: Kills | S2: PlayerDPS | T2: HunterDPS | U2: TotalDPS | V2: Boss ready? | W2: Boss TTK s | X2: Boss result | Y2: AFK counted h | Z2: OffCap min | AA2: OwnIdle | AB2: OwnIron | AC2: OwnSteel | AD2: OwnBriar | AE2: OwnHuntPwr | AF2: OwnBigger | AG2: OwnSwift | AH2: OwnLoot | AI2: OwnOffCap | AJ2: OwnFoodStock | AK2: OwnFoodEff
A3: 1 | B3: Hunt | C3: Bristle Cub | D3: 28 | E3: =IF(B3="","",IF(OR(B3="Hunt",B3="Go AFK"),IF(C3="","Can't","OK"),IF(B3="Fight boss",IF(0<IF((IFERROR(VLOOKUP(C3,Monsters!$T$4:$AH$15,15,FALSE),0))=0,120,IFERROR(VLOOKUP(C3,Monsters!$T$4:$AH$15,15,FALSE),0)),"Can't","OK"),IF(B3="Hire hunter",IF(AND(C3="Briar",0>=1),"Can't",IF('Rules & Formulas'!B16<IF(C3="Briar",140,IF(C3="Quill",3650,IF(C3="Moss",4850,IF(C3="Ember",12200,0)))),"Can't","OK")),IF(OR(B3="Buy upgrade",B3="Forge/Scrapwork buy"),IF(IFERROR(VLOOKUP(C3,Upgrades!$N$4:$T$47,2,FALSE),0)="points","Can't",IF(IFERROR(VLOOKUP(C3,Upgrades!$N$4:$T$47,2,FALSE),0)="gold",IF('Rules & Formulas'!B16<IFERROR(FLOOR(IFERROR(VLOOKUP(C3,Upgrades!$N$4:$T$47,3,FALSE),0)*(IFERROR(VLOOKUP(C3,Upgrades!$N$4:$T$47,4,FALSE),0)^(0)),1),0),"Can't","OK"),IF(IFERROR(VLOOKUP(C3,Upgrades!$N$4:$T$47,2,FALSE),0)="scraps",IF(0<IFERROR(FLOOR(IFERROR(VLOOKUP(C3,Upgrades!$N$4:$T$47,3,FALSE),0)*(IFERROR(VLOOKUP(C3,Upgrades!$N$4:$T$47,4,FALSE),0)^(0)),1),0),"Can't","OK"),IF(IFERROR(VLOOKUP(C3,Upgrades!$N$4:$T$47,2,FALSE),0)="mats","Can't","OK")))),"Check"))))) | F3: =IF(B3="","",IF(AND(B3="Fight boss",0<IF((IFERROR(VLOOKUP(C3,Monsters!$T$4:$AH$15,15,FALSE),0))=0,120,IFERROR(VLOOKUP(C3,Monsters!$T$4:$AH$15,15,FALSE),0))),"Can't — need "&TEXT(IF((IFERROR(VLOOKUP(C3,Monsters!$T$4:$AH$15,15,FALSE),0))=0,120,IFERROR(VLOOKUP(C3,Monsters!$T$4:$AH$15,15,FALSE),0))-0,"0.0")&" more Slayer points on the meter",IF(AND(B3="Hire hunter",C3="Briar",0>=1),"Can't — already hired",IF(AND(B3="Hire hunter",'Rules & Formulas'!B16<IF(C3="Briar",140,IF(C3="Quill",3650,IF(C3="Moss",4850,IF(C3="Ember",12200,0))))),"Can't — need "&TEXT(IF(C3="Briar",140,IF(C3="Quill",3650,IF(C3="Moss",4850,IF(C3="Ember",12200,0))))-'Rules & Formulas'!B16,"0")&" more gold",IF(AND(OR(B3="Buy upgrade",B3="Forge/Scrapwork buy"),IFERROR(VLOOKUP(C3,Upgrades!$N$4:$T$47,2,FALSE),0)="points"),"Can't — Sp-wallet spends not tracked here",IF(AND(OR(B3="Buy upgrade",B3="Forge/Scrapwork buy"),IFERROR(VLOOKUP(C3,Upgrades!$N$4:$T$47,2,FALSE),0)="gold",'Rules & Formulas'!B16<IFERROR(FLOOR(IFERROR(VLOOKUP(C3,Upgrades!$N$4:$T$47,3,FALSE),0)*(IFERROR(VLOOKUP(C3,Upgrades!$N$4:$T$47,4,FALSE),0)^(0)),1),0)),"Can't — need "&TEXT(IFERROR(FLOOR(IFERROR(VLOOKUP(C3,Upgrades!$N$4:$T$47,3,FALSE),0)*(IFERROR(VLOOKUP(C3,Upgrades!$N$4:$T$47,4,FALSE),0)^(0)),1),0)-'Rules & Formulas'!B16,"0")&" more gold",IF(AND(OR(B3="Buy upgrade",B3="Forge/Scrapwork buy"),IFERROR(VLOOKUP(C3,Upgrades!$N$4:$T$47,2,FALSE),0)="scraps",0<IFERROR(FLOOR(IFERROR(VLOOKUP(C3,Upgrades!$N$4:$T$47,3,FALSE),0)*(IFERROR(VLOOKUP(C3,Upgrades!$N$4:$T$47,4,FALSE),0)^(0)),1),0)),"Can't — need "&TEXT(IFERROR(FLOOR(IFERROR(VLOOKUP(C3,Upgrades!$N$4:$T$47,3,FALSE),0)*(IFERROR(VLOOKUP(C3,Upgrades!$N$4:$T$47,4,FALSE),0)^(0)),1),0)-0,"0")&" more scraps",IF(AND(B3="Fight boss",E3="OK",(IF((((105/'Rules & Formulas'!B10)*'Rules & Formulas'!B11+IF(0>=1,(MAX(1,ROUND('Rules & Formulas'!B18*(1+0.3*0)*(1+0.4*0),0)))*(1000/'Rules & Formulas'!B19)*MIN(0.95,'Rules & Formulas'!B20*SQRT(1+0.55*(0>=1))),0)))<=0,9999,(IFERROR(VLOOKUP(C3,Monsters!$T$4:$AH$15,2,FALSE),0))/(((105/'Rules & Formulas'!B10)*'Rules & Formulas'!B11+IF(0>=1,(MAX(1,ROUND('Rules & Formulas'!B18*(1+0.3*0)*(1+0.4*0),0)))*(1000/'Rules & Formulas'!B19)*MIN(0.95,'Rules & Formulas'!B20*SQRT(1+0.55*(0>=1))),0))))<='Rules & Formulas'!B12)),"WIN — boss down, next Level unlocks",IF(AND(B3="Fight boss",E3="OK"),"LOSE — TTK "&TEXT(IF((((105/'Rules & Formulas'!B10)*'Rules & Formulas'!B11+IF(0>=1,(MAX(1,ROUND('Rules & Formulas'!B18*(1+0.3*0)*(1+0.4*0),0)))*(1000/'Rules & Formulas'!B19)*MIN(0.95,'Rules & Formulas'!B20*SQRT(1+0.55*(0>=1))),0)))<=0,9999,(IFERROR(VLOOKUP(C3,Monsters!$T$4:$AH$15,2,FALSE),0))/(((105/'Rules & Formulas'!B10)*'Rules & Formulas'!B11+IF(0>=1,(MAX(1,ROUND('Rules & Formulas'!B18*(1+0.3*0)*(1+0.4*0),0)))*(1000/'Rules & Formulas'!B19)*MIN(0.95,'Rules & Formulas'!B20*SQRT(1+0.55*(0>=1))),0)))),"0")&"s > patience "&TEXT('Rules & Formulas'!B12,"0")&"s (leave resets HP)",IF(B3="Go AFK","AFK resolved (see AFK counted h)","Applied"))))))))) | G3: =IF(AND((E3="OK"),B3="Fight boss",(IF((((105/'Rules & Formulas'!B10)*'Rules & Formulas'!B11+IF(0>=1,(MAX(1,ROUND('Rules & Formulas'!B18*(1+0.3*0)*(1+0.4*0),0)))*(1000/'Rules & Formulas'!B19)*MIN(0.95,'Rules & Formulas'!B20*SQRT(1+0.55*(0>=1))),0)))<=0,9999,(IFERROR(VLOOKUP(C3,Monsters!$T$4:$AH$15,2,FALSE),0))/(((105/'Rules & Formulas'!B10)*'Rules & Formulas'!B11+IF(0>=1,(MAX(1,ROUND('Rules & Formulas'!B18*(1+0.3*0)*(1+0.4*0),0)))*(1000/'Rules & Formulas'!B19)*MIN(0.95,'Rules & Formulas'!B20*SQRT(1+0.55*(0>=1))),0))))<='Rules & Formulas'!B12),C3="Elder Thornpelt"),2,IF(AND((E3="OK"),B3="Fight boss",(IF((((105/'Rules & Formulas'!B10)*'Rules & Formulas'!B11+IF(0>=1,(MAX(1,ROUND('Rules & Formulas'!B18*(1+0.3*0)*(1+0.4*0),0)))*(1000/'Rules & Formulas'!B19)*MIN(0.95,'Rules & Formulas'!B20*SQRT(1+0.55*(0>=1))),0)))<=0,9999,(IFERROR(VLOOKUP(C3,Monsters!$T$4:$AH$15,2,FALSE),0))/(((105/'Rules & Formulas'!B10)*'Rules & Formulas'!B11+IF(0>=1,(MAX(1,ROUND('Rules & Formulas'!B18*(1+0.3*0)*(1+0.4*0),0)))*(1000/'Rules & Formulas'!B19)*MIN(0.95,'Rules & Formulas'!B20*SQRT(1+0.55*(0>=1))),0))))<='Rules & Formulas'!B12),C3="Ashfang Alpha"),3,1)) | H3: =MAX(0,'Rules & Formulas'!B16+IF(AND((E3="OK"),B3="Hunt"),(IF(B3="Hunt",(('Rules & Formulas'!B4*(1+0.08)*('Rules & Formulas'!B5+0)*IFERROR(VLOOKUP(C3,Monsters!$T$4:$AH$15,10,FALSE),0)*IFERROR(VLOOKUP(C3,Monsters!$T$4:$AH$15,9,FALSE),0))*'Rules & Formulas'!B6)*IF(D3="",0,D3),0))*(IFERROR(VLOOKUP(C3,Monsters!$T$4:$AH$15,3,FALSE),0))*1+(IF(OR(B3<>"Hunt",IFERROR(VLOOKUP(C3,Monsters!$T$4:$AH$15,6,FALSE),0)=0),0,FLOOR((IF(B3="Hunt",(('Rules & Formulas'!B4*(1+0.08)*('Rules & Formulas'!B5+0)*IFERROR(VLOOKUP(C3,Monsters!$T$4:$AH$15,10,FALSE),0)*IFERROR(VLOOKUP(C3,Monsters!$T$4:$AH$15,9,FALSE),0))*'Rules & Formulas'!B6)*IF(D3="",0,D3),0))/MAX(1,IFERROR(VLOOKUP(C3,Monsters!$T$4:$AH$15,6,FALSE),0)),1)))*(IFERROR(VLOOKUP(C3,Monsters!$T$4:$AH$15,7,FALSE),0))*0.5*1,0)+IF(AND((E3="OK"),B3="Go AFK"),(IF(B3="Go AFK",MIN(IF((IF((IFERROR(VLOOKUP(C3,Monsters!$T$4:$AH$15,8,FALSE),0))=0,0.35,IFERROR(VLOOKUP(C3,Monsters!$T$4:$AH$15,8,FALSE),0))/1)<=0,999999,FLOOR(MIN('Rules & Formulas'!B15,'Rules & Formulas'!B17+'Rules & Formulas'!B14*(MIN(IF(B3="Go AFK",IF(D3="",0,D3),0),'Rules & Formulas'!B13/60)*60))/(IF((IFERROR(VLOOKUP(C3,Monsters!$T$4:$AH$15,8,FALSE),0))=0,0.35,IFERROR(VLOOKUP(C3,Monsters!$T$4:$AH$15,8,FALSE),0))/1),1)),('Rules & Formulas'!B4*(1+0.08)*('Rules & Formulas'!B5+0)*IFERROR(VLOOKUP(C3,Monsters!$T$4:$AH$15,10,FALSE),0)*IFERROR(VLOOKUP(C3,Monsters!$T$4:$AH$15,9,FALSE),0))*(MIN(IF(B3="Go AFK",IF(D3="",0,D3),0),'Rules & Formulas'!B13/60)*60)),0))*(IFERROR(VLOOKUP(C3,Monsters!$T$4:$AH$15,3,FALSE),0))*1+(IF(OR(B3<>"Go AFK",IFERROR(VLOOKUP(C3,Monsters!$T$4:$AH$15,6,FALSE),0)=0),0,FLOOR((IF(B3="Go AFK",MIN(IF((IF((IFERROR(VLOOKUP(C3,Monsters!$T$4:$AH$15,8,FALSE),0))=0,0.35,IFERROR(VLOOKUP(C3,Monsters!$T$4:$AH$15,8,FALSE),0))/1)<=0,999999,FLOOR(MIN('Rules & Formulas'!B15,'Rules & Formulas'!B17+'Rules & Formulas'!B14*(MIN(IF(B3="Go AFK",IF(D3="",0,D3),0),'Rules & Formulas'!B13/60)*60))/(IF((IFERROR(VLOOKUP(C3,Monsters!$T$4:$AH$15,8,FALSE),0))=0,0.35,IFERROR(VLOOKUP(C3,Monsters!$T$4:$AH$15,8,FALSE),0))/1),1)),('Rules & Formulas'!B4*(1+0.08)*('Rules & Formulas'!B5+0)*IFERROR(VLOOKUP(C3,Monsters!$T$4:$AH$15,10,FALSE),0)*IFERROR(VLOOKUP(C3,Monsters!$T$4:$AH$15,9,FALSE),0))*(MIN(IF(B3="Go AFK",IF(D3="",0,D3),0),'Rules & Formulas'!B13/60)*60)),0))/MAX(1,IFERROR(VLOOKUP(C3,Monsters!$T$4:$AH$15,6,FALSE),0)),1)))*(IFERROR(VLOOKUP(C3,Monsters!$T$4:$AH$15,7,FALSE),0))*0.5*1,0)+IF(AND((E3="OK"),B3="Fight boss",(IF((((105/'Rules & Formulas'!B10)*'Rules & Formulas'!B11+IF(0>=1,(MAX(1,ROUND('Rules & Formulas'!B18*(1+0.3*0)*(1+0.4*0),0)))*(1000/'Rules & Formulas'!B19)*MIN(0.95,'Rules & Formulas'!B20*SQRT(1+0.55*(0>=1))),0)))<=0,9999,(IFERROR(VLOOKUP(C3,Monsters!$T$4:$AH$15,2,FALSE),0))/(((105/'Rules & Formulas'!B10)*'Rules & Formulas'!B11+IF(0>=1,(MAX(1,ROUND('Rules & Formulas'!B18*(1+0.3*0)*(1+0.4*0),0)))*(1000/'Rules & Formulas'!B19)*MIN(0.95,'Rules & Formulas'!B20*SQRT(1+0.55*(0>=1))),0))))<='Rules & Formulas'!B12)),IFERROR(VLOOKUP(C3,Monsters!$T$4:$AH$15,3,FALSE),0),0)-IF(AND((E3="OK"),OR(B3="Buy upgrade",B3="Forge/Scrapwork buy"),IFERROR(VLOOKUP(C3,Upgrades!$N$4:$T$47,2,FALSE),0)="gold"),IFERROR(FLOOR(IFERROR(VLOOKUP(C3,Upgrades!$N$4:$T$47,3,FALSE),0)*(IFERROR(VLOOKUP(C3,Upgrades!$N$4:$T$47,4,FALSE),0)^(0)),1),0),0)-IF(AND((E3="OK"),B3="Hire hunter"),IF(C3="Briar",140,IF(C3="Quill",3650,IF(C3="Moss",4850,IF(C3="Ember",12200,0)))),0)) | I3: =IF(AND((E3="OK"),B3="Fight boss",(IF((((105/'Rules & Formulas'!B10)*'Rules & Formulas'!B11+IF(0>=1,(MAX(1,ROUND('Rules & Formulas'!B18*(1+0.3*0)*(1+0.4*0),0)))*(1000/'Rules & Formulas'!B19)*MIN(0.95,'Rules & Formulas'!B20*SQRT(1+0.55*(0>=1))),0)))<=0,9999,(IFERROR(VLOOKUP(C3,Monsters!$T$4:$AH$15,2,FALSE),0))/(((105/'Rules & Formulas'!B10)*'Rules & Formulas'!B11+IF(0>=1,(MAX(1,ROUND('Rules & Formulas'!B18*(1+0.3*0)*(1+0.4*0),0)))*(1000/'Rules & Formulas'!B19)*MIN(0.95,'Rules & Formulas'!B20*SQRT(1+0.55*(0>=1))),0))))<='Rules & Formulas'!B12)),0,MIN(IF(1<=1,120,IF(1=2,280,600)),0+IF(AND((E3="OK"),B3="Hunt"),((IF(B3="Hunt",(('Rules & Formulas'!B4*(1+0.08)*('Rules & Formulas'!B5+0)*IFERROR(VLOOKUP(C3,Monsters!$T$4:$AH$15,10,FALSE),0)*IFERROR(VLOOKUP(C3,Monsters!$T$4:$AH$15,9,FALSE),0))*'Rules & Formulas'!B6)*IF(D3="",0,D3),0))*(IFERROR(VLOOKUP(C3,Monsters!$T$4:$AH$15,4,FALSE),0))+(IF(OR(B3<>"Hunt",IFERROR(VLOOKUP(C3,Monsters!$T$4:$AH$15,6,FALSE),0)=0),0,FLOOR((IF(B3="Hunt",(('Rules & Formulas'!B4*(1+0.08)*('Rules & Formulas'!B5+0)*IFERROR(VLOOKUP(C3,Monsters!$T$4:$AH$15,10,FALSE),0)*IFERROR(VLOOKUP(C3,Monsters!$T$4:$AH$15,9,FALSE),0))*'Rules & Formulas'!B6)*IF(D3="",0,D3),0))/MAX(1,IFERROR(VLOOKUP(C3,Monsters!$T$4:$AH$15,6,FALSE),0)),1)))*(IFERROR(VLOOKUP(C3,Monsters!$T$4:$AH$15,7,FALSE),0))),0)+IF(AND((E3="OK"),B3="Go AFK"),((IF(B3="Go AFK",MIN(IF((IF((IFERROR(VLOOKUP(C3,Monsters!$T$4:$AH$15,8,FALSE),0))=0,0.35,IFERROR(VLOOKUP(C3,Monsters!$T$4:$AH$15,8,FALSE),0))/1)<=0,999999,FLOOR(MIN('Rules & Formulas'!B15,'Rules & Formulas'!B17+'Rules & Formulas'!B14*(MIN(IF(B3="Go AFK",IF(D3="",0,D3),0),'Rules & Formulas'!B13/60)*60))/(IF((IFERROR(VLOOKUP(C3,Monsters!$T$4:$AH$15,8,FALSE),0))=0,0.35,IFERROR(VLOOKUP(C3,Monsters!$T$4:$AH$15,8,FALSE),0))/1),1)),('Rules & Formulas'!B4*(1+0.08)*('Rules & Formulas'!B5+0)*IFERROR(VLOOKUP(C3,Monsters!$T$4:$AH$15,10,FALSE),0)*IFERROR(VLOOKUP(C3,Monsters!$T$4:$AH$15,9,FALSE),0))*(MIN(IF(B3="Go AFK",IF(D3="",0,D3),0),'Rules & Formulas'!B13/60)*60)),0))*(IFERROR(VLOOKUP(C3,Monsters!$T$4:$AH$15,4,FALSE),0))+(IF(OR(B3<>"Go AFK",IFERROR(VLOOKUP(C3,Monsters!$T$4:$AH$15,6,FALSE),0)=0),0,FLOOR((IF(B3="Go AFK",MIN(IF((IF((IFERROR(VLOOKUP(C3,Monsters!$T$4:$AH$15,8,FALSE),0))=0,0.35,IFERROR(VLOOKUP(C3,Monsters!$T$4:$AH$15,8,FALSE),0))/1)<=0,999999,FLOOR(MIN('Rules & Formulas'!B15,'Rules & Formulas'!B17+'Rules & Formulas'!B14*(MIN(IF(B3="Go AFK",IF(D3="",0,D3),0),'Rules & Formulas'!B13/60)*60))/(IF((IFERROR(VLOOKUP(C3,Monsters!$T$4:$AH$15,8,FALSE),0))=0,0.35,IFERROR(VLOOKUP(C3,Monsters!$T$4:$AH$15,8,FALSE),0))/1),1)),('Rules & Formulas'!B4*(1+0.08)*('Rules & Formulas'!B5+0)*IFERROR(VLOOKUP(C3,Monsters!$T$4:$AH$15,10,FALSE),0)*IFERROR(VLOOKUP(C3,Monsters!$T$4:$AH$15,9,FALSE),0))*(MIN(IF(B3="Go AFK",IF(D3="",0,D3),0),'Rules & Formulas'!B13/60)*60)),0))/MAX(1,IFERROR(VLOOKUP(C3,Monsters!$T$4:$AH$15,6,FALSE),0)),1)))*(IFERROR(VLOOKUP(C3,Monsters!$T$4:$AH$15,7,FALSE),0))),0))) | J3: =MAX(0,0+IF(AND((E3="OK"),B3="Hunt"),(IF(B3="Hunt",(('Rules & Formulas'!B4*(1+0.08)*('Rules & Formulas'!B5+0)*IFERROR(VLOOKUP(C3,Monsters!$T$4:$AH$15,10,FALSE),0)*IFERROR(VLOOKUP(C3,Monsters!$T$4:$AH$15,9,FALSE),0))*'Rules & Formulas'!B6)*IF(D3="",0,D3),0))*(IFERROR(VLOOKUP(C3,Monsters!$T$4:$AH$15,5,FALSE),0)),0)+IF(AND((E3="OK"),B3="Go AFK"),(IF(B3="Go AFK",MIN(IF((IF((IFERROR(VLOOKUP(C3,Monsters!$T$4:$AH$15,8,FALSE),0))=0,0.35,IFERROR(VLOOKUP(C3,Monsters!$T$4:$AH$15,8,FALSE),0))/1)<=0,999999,FLOOR(MIN('Rules & Formulas'!B15,'Rules & Formulas'!B17+'Rules & Formulas'!B14*(MIN(IF(B3="Go AFK",IF(D3="",0,D3),0),'Rules & Formulas'!B13/60)*60))/(IF((IFERROR(VLOOKUP(C3,Monsters!$T$4:$AH$15,8,FALSE),0))=0,0.35,IFERROR(VLOOKUP(C3,Monsters!$T$4:$AH$15,8,FALSE),0))/1),1)),('Rules & Formulas'!B4*(1+0.08)*('Rules & Formulas'!B5+0)*IFERROR(VLOOKUP(C3,Monsters!$T$4:$AH$15,10,FALSE),0)*IFERROR(VLOOKUP(C3,Monsters!$T$4:$AH$15,9,FALSE),0))*(MIN(IF(B3="Go AFK",IF(D3="",0,D3),0),'Rules & Formulas'!B13/60)*60)),0))*(IFERROR(VLOOKUP(C3,Monsters!$T$4:$AH$15,5,FALSE),0)),0)-IF(AND((E3="OK"),OR(B3="Buy upgrade",B3="Forge/Scrapwork buy"),IFERROR(VLOOKUP(C3,Upgrades!$N$4:$T$47,2,FALSE),0)="scraps"),IFERROR(FLOOR(IFERROR(VLOOKUP(C3,Upgrades!$N$4:$T$47,3,FALSE),0)*(IFERROR(VLOOKUP(C3,Upgrades!$N$4:$T$47,4,FALSE),0)^(0)),1),0),0)) | K3: =MAX(0,0+IF(AND((E3="OK"),B3="Hunt"),IF(C3="Thornpelt Bear",(IF(B3="Hunt",(('Rules & Formulas'!B4*(1+0.08)*('Rules & Formulas'!B5+0)*IFERROR(VLOOKUP(C3,Monsters!$T$4:$AH$15,10,FALSE),0)*IFERROR(VLOOKUP(C3,Monsters!$T$4:$AH$15,9,FALSE),0))*'Rules & Formulas'!B6)*IF(D3="",0,D3),0))*0.12,0),0)+IF(AND((E3="OK"),B3="Go AFK"),IF(C3="Thornpelt Bear",(IF(B3="Go AFK",MIN(IF((IF((IFERROR(VLOOKUP(C3,Monsters!$T$4:$AH$15,8,FALSE),0))=0,0.35,IFERROR(VLOOKUP(C3,Monsters!$T$4:$AH$15,8,FALSE),0))/1)<=0,999999,FLOOR(MIN('Rules & Formulas'!B15,'Rules & Formulas'!B17+'Rules & Formulas'!B14*(MIN(IF(B3="Go AFK",IF(D3="",0,D3),0),'Rules & Formulas'!B13/60)*60))/(IF((IFERROR(VLOOKUP(C3,Monsters!$T$4:$AH$15,8,FALSE),0))=0,0.35,IFERROR(VLOOKUP(C3,Monsters!$T$4:$AH$15,8,FALSE),0))/1),1)),('Rules & Formulas'!B4*(1+0.08)*('Rules & Formulas'!B5+0)*IFERROR(VLOOKUP(C3,Monsters!$T$4:$AH$15,10,FALSE),0)*IFERROR(VLOOKUP(C3,Monsters!$T$4:$AH$15,9,FALSE),0))*(MIN(IF(B3="Go AFK",IF(D3="",0,D3),0),'Rules & Formulas'!B13/60)*60)),0))*0.12,0),0)) | L3: =MAX(0,0+IF(AND((E3="OK"),B3="Hunt"),IF(C3="Dire Thornpelt",(IF(B3="Hunt",(('Rules & Formulas'!B4*(1+0.08)*('Rules & Formulas'!B5+0)*IFERROR(VLOOKUP(C3,Monsters!$T$4:$AH$15,10,FALSE),0)*IFERROR(VLOOKUP(C3,Monsters!$T$4:$AH$15,9,FALSE),0))*'Rules & Formulas'!B6)*IF(D3="",0,D3),0))*0.1,0),0)+IF(AND((E3="OK"),B3="Go AFK"),IF(C3="Dire Thornpelt",(IF(B3="Go AFK",MIN(IF((IF((IFERROR(VLOOKUP(C3,Monsters!$T$4:$AH$15,8,FALSE),0))=0,0.35,IFERROR(VLOOKUP(C3,Monsters!$T$4:$AH$15,8,FALSE),0))/1)<=0,999999,FLOOR(MIN('Rules & Formulas'!B15,'Rules & Formulas'!B17+'Rules & Formulas'!B14*(MIN(IF(B3="Go AFK",IF(D3="",0,D3),0),'Rules & Formulas'!B13/60)*60))/(IF((IFERROR(VLOOKUP(C3,Monsters!$T$4:$AH$15,8,FALSE),0))=0,0.35,IFERROR(VLOOKUP(C3,Monsters!$T$4:$AH$15,8,FALSE),0))/1),1)),('Rules & Formulas'!B4*(1+0.08)*('Rules & Formulas'!B5+0)*IFERROR(VLOOKUP(C3,Monsters!$T$4:$AH$15,10,FALSE),0)*IFERROR(VLOOKUP(C3,Monsters!$T$4:$AH$15,9,FALSE),0))*(MIN(IF(B3="Go AFK",IF(D3="",0,D3),0),'Rules & Formulas'!B13/60)*60)),0))*0.1,0),0)) | M3: =IF(AND((E3="OK"),B3="Go AFK"),MAX(0,MIN('Rules & Formulas'!B15,'Rules & Formulas'!B17+'Rules & Formulas'!B14*(MIN(IF(B3="Go AFK",IF(D3="",0,D3),0),'Rules & Formulas'!B13/60)*60))-(IF(B3="Go AFK",MIN(IF((IF((IFERROR(VLOOKUP(C3,Monsters!$T$4:$AH$15,8,FALSE),0))=0,0.35,IFERROR(VLOOKUP(C3,Monsters!$T$4:$AH$15,8,FALSE),0))/1)<=0,999999,FLOOR(MIN('Rules & Formulas'!B15,'Rules & Formulas'!B17+'Rules & Formulas'!B14*(MIN(IF(B3="Go AFK",IF(D3="",0,D3),0),'Rules & Formulas'!B13/60)*60))/(IF((IFERROR(VLOOKUP(C3,Monsters!$T$4:$AH$15,8,FALSE),0))=0,0.35,IFERROR(VLOOKUP(C3,Monsters!$T$4:$AH$15,8,FALSE),0))/1),1)),('Rules & Formulas'!B4*(1+0.08)*('Rules & Formulas'!B5+0)*IFERROR(VLOOKUP(C3,Monsters!$T$4:$AH$15,10,FALSE),0)*IFERROR(VLOOKUP(C3,Monsters!$T$4:$AH$15,9,FALSE),0))*(MIN(IF(B3="Go AFK",IF(D3="",0,D3),0),'Rules & Formulas'!B13/60)*60)),0))*(IF((IFERROR(VLOOKUP(C3,Monsters!$T$4:$AH$15,8,FALSE),0))=0,0.35,IFERROR(VLOOKUP(C3,Monsters!$T$4:$AH$15,8,FALSE),0))/1)),MIN(('Rules & Formulas'!B15+25*AJ3),'Rules & Formulas'!B17)) | N3: =(1+0.08+0.12*AA3+0.12*AB3+0.16*AC3) | O3: =((AD3>=1)*1*(1+0.3*AE3)) | P3: =IF(OR(B3="Hunt",B3="Go AFK"),(('Rules & Formulas'!B4*(1+0.08)*('Rules & Formulas'!B5+0)*IFERROR(VLOOKUP(C3,Monsters!$T$4:$AH$15,10,FALSE),0)*IFERROR(VLOOKUP(C3,Monsters!$T$4:$AH$15,9,FALSE),0))*'Rules & Formulas'!B6),"") | Q3: =IF(OR(B3="Hunt",B3="Go AFK"),('Rules & Formulas'!B4*(1+0.08)*('Rules & Formulas'!B5+0)*IFERROR(VLOOKUP(C3,Monsters!$T$4:$AH$15,10,FALSE),0)*IFERROR(VLOOKUP(C3,Monsters!$T$4:$AH$15,9,FALSE),0)),"") | R3: =IF(AND((E3="OK"),B3="Hunt"),IF(B3="Hunt",(('Rules & Formulas'!B4*(1+0.08)*('Rules & Formulas'!B5+0)*IFERROR(VLOOKUP(C3,Monsters!$T$4:$AH$15,10,FALSE),0)*IFERROR(VLOOKUP(C3,Monsters!$T$4:$AH$15,9,FALSE),0))*'Rules & Formulas'!B6)*IF(D3="",0,D3),0),IF(AND((E3="OK"),B3="Go AFK"),IF(B3="Go AFK",MIN(IF((IF((IFERROR(VLOOKUP(C3,Monsters!$T$4:$AH$15,8,FALSE),0))=0,0.35,IFERROR(VLOOKUP(C3,Monsters!$T$4:$AH$15,8,FALSE),0))/1)<=0,999999,FLOOR(MIN('Rules & Formulas'!B15,'Rules & Formulas'!B17+'Rules & Formulas'!B14*(MIN(IF(B3="Go AFK",IF(D3="",0,D3),0),'Rules & Formulas'!B13/60)*60))/(IF((IFERROR(VLOOKUP(C3,Monsters!$T$4:$AH$15,8,FALSE),0))=0,0.35,IFERROR(VLOOKUP(C3,Monsters!$T$4:$AH$15,8,FALSE),0))/1),1)),('Rules & Formulas'!B4*(1+0.08)*('Rules & Formulas'!B5+0)*IFERROR(VLOOKUP(C3,Monsters!$T$4:$AH$15,10,FALSE),0)*IFERROR(VLOOKUP(C3,Monsters!$T$4:$AH$15,9,FALSE),0))*(MIN(IF(B3="Go AFK",IF(D3="",0,D3),0),'Rules & Formulas'!B13/60)*60)),0),0)) | S3: =(105/'Rules & Formulas'!B10)*'Rules & Formulas'!B11 | T3: =IF(0>=1,(MAX(1,ROUND('Rules & Formulas'!B18*(1+0.3*0)*(1+0.4*0),0)))*(1000/'Rules & Formulas'!B19)*MIN(0.95,'Rules & Formulas'!B20*SQRT(1+0.55*(0>=1))),0) | U3: =S3+T3 | V3: =IF(0>=IF((IFERROR(VLOOKUP(C3,Monsters!$T$4:$AH$15,15,FALSE),0))=0,120,IFERROR(VLOOKUP(C3,Monsters!$T$4:$AH$15,15,FALSE),0)),"YES","no") | W3: =IF(AND(B3="Fight boss",E3="OK"),IF((((105/'Rules & Formulas'!B10)*'Rules & Formulas'!B11+IF(0>=1,(MAX(1,ROUND('Rules & Formulas'!B18*(1+0.3*0)*(1+0.4*0),0)))*(1000/'Rules & Formulas'!B19)*MIN(0.95,'Rules & Formulas'!B20*SQRT(1+0.55*(0>=1))),0)))<=0,9999,(IFERROR(VLOOKUP(C3,Monsters!$T$4:$AH$15,2,FALSE),0))/(((105/'Rules & Formulas'!B10)*'Rules & Formulas'!B11+IF(0>=1,(MAX(1,ROUND('Rules & Formulas'!B18*(1+0.3*0)*(1+0.4*0),0)))*(1000/'Rules & Formulas'!B19)*MIN(0.95,'Rules & Formulas'!B20*SQRT(1+0.55*(0>=1))),0)))),"") | X3: =IF(AND(B3="Fight boss",E3="OK"),IF((IF((((105/'Rules & Formulas'!B10)*'Rules & Formulas'!B11+IF(0>=1,(MAX(1,ROUND('Rules & Formulas'!B18*(1+0.3*0)*(1+0.4*0),0)))*(1000/'Rules & Formulas'!B19)*MIN(0.95,'Rules & Formulas'!B20*SQRT(1+0.55*(0>=1))),0)))<=0,9999,(IFERROR(VLOOKUP(C3,Monsters!$T$4:$AH$15,2,FALSE),0))/(((105/'Rules & Formulas'!B10)*'Rules & Formulas'!B11+IF(0>=1,(MAX(1,ROUND('Rules & Formulas'!B18*(1+0.3*0)*(1+0.4*0),0)))*(1000/'Rules & Formulas'!B19)*MIN(0.95,'Rules & Formulas'!B20*SQRT(1+0.55*(0>=1))),0))))<='Rules & Formulas'!B12),"WIN","LOSE"),"") | Y3: =IF(B3="Go AFK",MIN(IF(B3="Go AFK",IF(D3="",0,D3),0),'Rules & Formulas'!B13/60),"") | Z3: =('Rules & Formulas'!B13+30*AI3) | AA3: =COUNTIFS($B$3:$B3,"Buy upgrade",$C$3:$C3,"Idle Power") | AB3: =COUNTIFS($B$3:$B3,"Buy upgrade",$C$3:$C3,"Iron Blade") | AC3: =COUNTIFS($B$3:$B3,"Buy upgrade",$C$3:$C3,"Steel Blade") | AD3: =COUNTIFS($B$3:$B3,"Hire hunter",$C$3:$C3,"Briar")+COUNTIFS($B$3:$B3,"Buy upgrade",$C$3:$C3,"Hire Briar") | AE3: =COUNTIFS($B$3:$B3,"Buy upgrade",$C$3:$C3,"Hunter Power") | AF3: =COUNTIFS($B$3:$B3,"Buy upgrade",$C$3:$C3,"Bigger Hits") | AG3: =COUNTIFS($B$3:$B3,"Buy upgrade",$C$3:$C3,"Swift Walk") | AH3: =COUNTIFS($B$3:$B3,"Buy upgrade",$C$3:$C3,"Loot Luck") | AI3: =COUNTIFS($B$3:$B3,"Buy upgrade",$C$3:$C3,"Offline Cap") | AJ3: =COUNTIFS($B$3:$B3,"Buy upgrade",$C$3:$C3,"Bigger Food Stock") | AK3: =COUNTIFS($B$3:$B3,"Buy upgrade",$C$3:$C3,"Food Efficiency")
A4: 2 | B4: Buy upgrade | C4: Iron Blade | E4: =IF(B4="","",IF(OR(B4="Hunt",B4="Go AFK"),IF(C4="","Can't","OK"),IF(B4="Fight boss",IF(I3<IF((IFERROR(VLOOKUP(C4,Monsters!$T$4:$AH$15,15,FALSE),0))=0,120,IFERROR(VLOOKUP(C4,Monsters!$T$4:$AH$15,15,FALSE),0)),"Can't","OK"),IF(B4="Hire hunter",IF(AND(C4="Briar",AD3>=1),"Can't",IF(H3<IF(C4="Briar",140,IF(C4="Quill",3650,IF(C4="Moss",4850,IF(C4="Ember",12200,0)))),"Can't","OK")),IF(OR(B4="Buy upgrade",B4="Forge/Scrapwork buy"),IF(IFERROR(VLOOKUP(C4,Upgrades!$N$4:$T$47,2,FALSE),0)="points","Can't",IF(IFERROR(VLOOKUP(C4,Upgrades!$N$4:$T$47,2,FALSE),0)="gold",IF(H3<IFERROR(FLOOR(IFERROR(VLOOKUP(C4,Upgrades!$N$4:$T$47,3,FALSE),0)*(IFERROR(VLOOKUP(C4,Upgrades!$N$4:$T$47,4,FALSE),0)^(COUNTIFS($B$3:$B3,"Buy upgrade",$C$3:$C3,C4)+COUNTIFS($B$3:$B3,"Hire hunter",$C$3:$C3,C4)+COUNTIFS($B$3:$B3,"Forge/Scrapwork buy",$C$3:$C3,C4))),1),0),"Can't","OK"),IF(IFERROR(VLOOKUP(C4,Upgrades!$N$4:$T$47,2,FALSE),0)="scraps",IF(J3<IFERROR(FLOOR(IFERROR(VLOOKUP(C4,Upgrades!$N$4:$T$47,3,FALSE),0)*(IFERROR(VLOOKUP(C4,Upgrades!$N$4:$T$47,4,FALSE),0)^(COUNTIFS($B$3:$B3,"Buy upgrade",$C$3:$C3,C4)+COUNTIFS($B$3:$B3,"Hire hunter",$C$3:$C3,C4)+COUNTIFS($B$3:$B3,"Forge/Scrapwork buy",$C$3:$C3,C4))),1),0),"Can't","OK"),IF(IFERROR(VLOOKUP(C4,Upgrades!$N$4:$T$47,2,FALSE),0)="mats","Can't","OK")))),"Check"))))) | F4: =IF(B4="","",IF(AND(B4="Fight boss",I3<IF((IFERROR(VLOOKUP(C4,Monsters!$T$4:$AH$15,15,FALSE),0))=0,120,IFERROR(VLOOKUP(C4,Monsters!$T$4:$AH$15,15,FALSE),0))),"Can't — need "&TEXT(IF((IFERROR(VLOOKUP(C4,Monsters!$T$4:$AH$15,15,FALSE),0))=0,120,IFERROR(VLOOKUP(C4,Monsters!$T$4:$AH$15,15,FALSE),0))-I3,"0.0")&" more Slayer points on the meter",IF(AND(B4="Hire hunter",C4="Briar",AD3>=1),"Can't — already hired",IF(AND(B4="Hire hunter",H3<IF(C4="Briar",140,IF(C4="Quill",3650,IF(C4="Moss",4850,IF(C4="Ember",12200,0))))),"Can't — need "&TEXT(IF(C4="Briar",140,IF(C4="Quill",3650,IF(C4="Moss",4850,IF(C4="Ember",12200,0))))-H3,"0")&" more gold",IF(AND(OR(B4="Buy upgrade",B4="Forge/Scrapwork buy"),IFERROR(VLOOKUP(C4,Upgrades!$N$4:$T$47,2,FALSE),0)="points"),"Can't — Sp-wallet spends not tracked here",IF(AND(OR(B4="Buy upgrade",B4="Forge/Scrapwork buy"),IFERROR(VLOOKUP(C4,Upgrades!$N$4:$T$47,2,FALSE),0)="gold",H3<IFERROR(FLOOR(IFERROR(VLOOKUP(C4,Upgrades!$N$4:$T$47,3,FALSE),0)*(IFERROR(VLOOKUP(C4,Upgrades!$N$4:$T$47,4,FALSE),0)^(COUNTIFS($B$3:$B3,"Buy upgrade",$C$3:$C3,C4)+COUNTIFS($B$3:$B3,"Hire hunter",$C$3:$C3,C4)+COUNTIFS($B$3:$B3,"Forge/Scrapwork buy",$C$3:$C3,C4))),1),0)),"Can't — need "&TEXT(IFERROR(FLOOR(IFERROR(VLOOKUP(C4,Upgrades!$N$4:$T$47,3,FALSE),0)*(IFERROR(VLOOKUP(C4,Upgrades!$N$4:$T$47,4,FALSE),0)^(COUNTIFS($B$3:$B3,"Buy upgrade",$C$3:$C3,C4)+COUNTIFS($B$3:$B3,"Hire hunter",$C$3:$C3,C4)+COUNTIFS($B$3:$B3,"Forge/Scrapwork buy",$C$3:$C3,C4))),1),0)-H3,"0")&" more gold",IF(AND(OR(B4="Buy upgrade",B4="Forge/Scrapwork buy"),IFERROR(VLOOKUP(C4,Upgrades!$N$4:$T$47,2,FALSE),0)="scraps",J3<IFERROR(FLOOR(IFERROR(VLOOKUP(C4,Upgrades!$N$4:$T$47,3,FALSE),0)*(IFERROR(VLOOKUP(C4,Upgrades!$N$4:$T$47,4,FALSE),0)^(COUNTIFS($B$3:$B3,"Buy upgrade",$C$3:$C3,C4)+COUNTIFS($B$3:$B3,"Hire hunter",$C$3:$C3,C4)+COUNTIFS($B$3:$B3,"Forge/Scrapwork buy",$C$3:$C3,C4))),1),0)),"Can't — need "&TEXT(IFERROR(FLOOR(IFERROR(VLOOKUP(C4,Upgrades!$N$4:$T$47,3,FALSE),0)*(IFERROR(VLOOKUP(C4,Upgrades!$N$4:$T$47,4,FALSE),0)^(COUNTIFS($B$3:$B3,"Buy upgrade",$C$3:$C3,C4)+COUNTIFS($B$3:$B3,"Hire hunter",$C$3:$C3,C4)+COUNTIFS($B$3:$B3,"Forge/Scrapwork buy",$C$3:$C3,C4))),1),0)-J3,"0")&" more scraps",IF(AND(B4="Fight boss",E4="OK",(IF((((105/'Rules & Formulas'!B10)*'Rules & Formulas'!B11+IF(AD3>=1,(MAX(1,ROUND('Rules & Formulas'!B18*(1+0.3*AE3)*(1+0.4*AF3),0)))*(1000/'Rules & Formulas'!B19)*MIN(0.95,'Rules & Formulas'!B20*SQRT(1+0.55*(AG3>=1))),0)))<=0,9999,(IFERROR(VLOOKUP(C4,Monsters!$T$4:$AH$15,2,FALSE),0))/(((105/'Rules & Formulas'!B10)*'Rules & Formulas'!B11+IF(AD3>=1,(MAX(1,ROUND('Rules & Formulas'!B18*(1+0.3*AE3)*(1+0.4*AF3),0)))*(1000/'Rules & Formulas'!B19)*MIN(0.95,'Rules & Formulas'!B20*SQRT(1+0.55*(AG3>=1))),0))))<='Rules & Formulas'!B12)),"WIN — boss down, next Level unlocks",IF(AND(B4="Fight boss",E4="OK"),"LOSE — TTK "&TEXT(IF((((105/'Rules & Formulas'!B10)*'Rules & Formulas'!B11+IF(AD3>=1,(MAX(1,ROUND('Rules & Formulas'!B18*(1+0.3*AE3)*(1+0.4*AF3),0)))*(1000/'Rules & Formulas'!B19)*MIN(0.95,'Rules & Formulas'!B20*SQRT(1+0.55*(AG3>=1))),0)))<=0,9999,(IFERROR(VLOOKUP(C4,Monsters!$T$4:$AH$15,2,FALSE),0))/(((105/'Rules & Formulas'!B10)*'Rules & Formulas'!B11+IF(AD3>=1,(MAX(1,ROUND('Rules & Formulas'!B18*(1+0.3*AE3)*(1+0.4*AF3),0)))*(1000/'Rules & Formulas'!B19)*MIN(0.95,'Rules & Formulas'!B20*SQRT(1+0.55*(AG3>=1))),0)))),"0")&"s > patience "&TEXT('Rules & Formulas'!B12,"0")&"s (leave resets HP)",IF(B4="Go AFK","AFK resolved (see AFK counted h)","Applied"))))))))) | G4: =IF(AND((E4="OK"),B4="Fight boss",(IF((((105/'Rules & Formulas'!B10)*'Rules & Formulas'!B11+IF(AD3>=1,(MAX(1,ROUND('Rules & Formulas'!B18*(1+0.3*AE3)*(1+0.4*AF3),0)))*(1000/'Rules & Formulas'!B19)*MIN(0.95,'Rules & Formulas'!B20*SQRT(1+0.55*(AG3>=1))),0)))<=0,9999,(IFERROR(VLOOKUP(C4,Monsters!$T$4:$AH$15,2,FALSE),0))/(((105/'Rules & Formulas'!B10)*'Rules & Formulas'!B11+IF(AD3>=1,(MAX(1,ROUND('Rules & Formulas'!B18*(1+0.3*AE3)*(1+0.4*AF3),0)))*(1000/'Rules & Formulas'!B19)*MIN(0.95,'Rules & Formulas'!B20*SQRT(1+0.55*(AG3>=1))),0))))<='Rules & Formulas'!B12),C4="Elder Thornpelt"),2,IF(AND((E4="OK"),B4="Fight boss",(IF((((105/'Rules & Formulas'!B10)*'Rules & Formulas'!B11+IF(AD3>=1,(MAX(1,ROUND('Rules & Formulas'!B18*(1+0.3*AE3)*(1+0.4*AF3),0)))*(1000/'Rules & Formulas'!B19)*MIN(0.95,'Rules & Formulas'!B20*SQRT(1+0.55*(AG3>=1))),0)))<=0,9999,(IFERROR(VLOOKUP(C4,Monsters!$T$4:$AH$15,2,FALSE),0))/(((105/'Rules & Formulas'!B10)*'Rules & Formulas'!B11+IF(AD3>=1,(MAX(1,ROUND('Rules & Formulas'!B18*(1+0.3*AE3)*(1+0.4*AF3),0)))*(1000/'Rules & Formulas'!B19)*MIN(0.95,'Rules & Formulas'!B20*SQRT(1+0.55*(AG3>=1))),0))))<='Rules & Formulas'!B12),C4="Ashfang Alpha"),3,G3)) | H4: =MAX(0,H3+IF(AND((E4="OK"),B4="Hunt"),(IF(B4="Hunt",(('Rules & Formulas'!B4*N3*('Rules & Formulas'!B5+O3)*IFERROR(VLOOKUP(C4,Monsters!$T$4:$AH$15,10,FALSE),0)*IFERROR(VLOOKUP(C4,Monsters!$T$4:$AH$15,9,FALSE),0))*'Rules & Formulas'!B6)*IF(D4="",0,D4),0))*(IFERROR(VLOOKUP(C4,Monsters!$T$4:$AH$15,3,FALSE),0))*(1+0.1*AH3)+(IF(OR(B4<>"Hunt",IFERROR(VLOOKUP(C4,Monsters!$T$4:$AH$15,6,FALSE),0)=0),0,FLOOR((IF(B4="Hunt",(('Rules & Formulas'!B4*N3*('Rules & Formulas'!B5+O3)*IFERROR(VLOOKUP(C4,Monsters!$T$4:$AH$15,10,FALSE),0)*IFERROR(VLOOKUP(C4,Monsters!$T$4:$AH$15,9,FALSE),0))*'Rules & Formulas'!B6)*IF(D4="",0,D4),0))/MAX(1,IFERROR(VLOOKUP(C4,Monsters!$T$4:$AH$15,6,FALSE),0)),1)))*(IFERROR(VLOOKUP(C4,Monsters!$T$4:$AH$15,7,FALSE),0))*0.5*(1+0.1*AH3),0)+IF(AND((E4="OK"),B4="Go AFK"),(IF(B4="Go AFK",MIN(IF((IF((IFERROR(VLOOKUP(C4,Monsters!$T$4:$AH$15,8,FALSE),0))=0,0.35,IFERROR(VLOOKUP(C4,Monsters!$T$4:$AH$15,8,FALSE),0))/(1+0.08*AK3))<=0,999999,FLOOR(MIN(('Rules & Formulas'!B15+25*AJ3),M3+('Rules & Formulas'!B14+0.4*AJ3)*(MIN(IF(B4="Go AFK",IF(D4="",0,D4),0),Z3/60)*60))/(IF((IFERROR(VLOOKUP(C4,Monsters!$T$4:$AH$15,8,FALSE),0))=0,0.35,IFERROR(VLOOKUP(C4,Monsters!$T$4:$AH$15,8,FALSE),0))/(1+0.08*AK3)),1)),('Rules & Formulas'!B4*N3*('Rules & Formulas'!B5+O3)*IFERROR(VLOOKUP(C4,Monsters!$T$4:$AH$15,10,FALSE),0)*IFERROR(VLOOKUP(C4,Monsters!$T$4:$AH$15,9,FALSE),0))*(MIN(IF(B4="Go AFK",IF(D4="",0,D4),0),Z3/60)*60)),0))*(IFERROR(VLOOKUP(C4,Monsters!$T$4:$AH$15,3,FALSE),0))*(1+0.1*AH3)+(IF(OR(B4<>"Go AFK",IFERROR(VLOOKUP(C4,Monsters!$T$4:$AH$15,6,FALSE),0)=0),0,FLOOR((IF(B4="Go AFK",MIN(IF((IF((IFERROR(VLOOKUP(C4,Monsters!$T$4:$AH$15,8,FALSE),0))=0,0.35,IFERROR(VLOOKUP(C4,Monsters!$T$4:$AH$15,8,FALSE),0))/(1+0.08*AK3))<=0,999999,FLOOR(MIN(('Rules & Formulas'!B15+25*AJ3),M3+('Rules & Formulas'!B14+0.4*AJ3)*(MIN(IF(B4="Go AFK",IF(D4="",0,D4),0),Z3/60)*60))/(IF((IFERROR(VLOOKUP(C4,Monsters!$T$4:$AH$15,8,FALSE),0))=0,0.35,IFERROR(VLOOKUP(C4,Monsters!$T$4:$AH$15,8,FALSE),0))/(1+0.08*AK3)),1)),('Rules & Formulas'!B4*N3*('Rules & Formulas'!B5+O3)*IFERROR(VLOOKUP(C4,Monsters!$T$4:$AH$15,10,FALSE),0)*IFERROR(VLOOKUP(C4,Monsters!$T$4:$AH$15,9,FALSE),0))*(MIN(IF(B4="Go AFK",IF(D4="",0,D4),0),Z3/60)*60)),0))/MAX(1,IFERROR(VLOOKUP(C4,Monsters!$T$4:$AH$15,6,FALSE),0)),1)))*(IFERROR(VLOOKUP(C4,Monsters!$T$4:$AH$15,7,FALSE),0))*0.5*(1+0.1*AH3),0)+IF(AND((E4="OK"),B4="Fight boss",(IF((((105/'Rules & Formulas'!B10)*'Rules & Formulas'!B11+IF(AD3>=1,(MAX(1,ROUND('Rules & Formulas'!B18*(1+0.3*AE3)*(1+0.4*AF3),0)))*(1000/'Rules & Formulas'!B19)*MIN(0.95,'Rules & Formulas'!B20*SQRT(1+0.55*(AG3>=1))),0)))<=0,9999,(IFERROR(VLOOKUP(C4,Monsters!$T$4:$AH$15,2,FALSE),0))/(((105/'Rules & Formulas'!B10)*'Rules & Formulas'!B11+IF(AD3>=1,(MAX(1,ROUND('Rules & Formulas'!B18*(1+0.3*AE3)*(1+0.4*AF3),0)))*(1000/'Rules & Formulas'!B19)*MIN(0.95,'Rules & Formulas'!B20*SQRT(1+0.55*(AG3>=1))),0))))<='Rules & Formulas'!B12)),IFERROR(VLOOKUP(C4,Monsters!$T$4:$AH$15,3,FALSE),0),0)-IF(AND((E4="OK"),OR(B4="Buy upgrade",B4="Forge/Scrapwork buy"),IFERROR(VLOOKUP(C4,Upgrades!$N$4:$T$47,2,FALSE),0)="gold"),IFERROR(FLOOR(IFERROR(VLOOKUP(C4,Upgrades!$N$4:$T$47,3,FALSE),0)*(IFERROR(VLOOKUP(C4,Upgrades!$N$4:$T$47,4,FALSE),0)^(COUNTIFS($B$3:$B3,"Buy upgrade",$C$3:$C3,C4)+COUNTIFS($B$3:$B3,"Hire hunter",$C$3:$C3,C4)+COUNTIFS($B$3:$B3,"Forge/Scrapwork buy",$C$3:$C3,C4))),1),0),0)-IF(AND((E4="OK"),B4="Hire hunter"),IF(C4="Briar",140,IF(C4="Quill",3650,IF(C4="Moss",4850,IF(C4="Ember",12200,0)))),0)) | I4: =IF(AND((E4="OK"),B4="Fight boss",(IF((((105/'Rules & Formulas'!B10)*'Rules & Formulas'!B11+IF(AD3>=1,(MAX(1,ROUND('Rules & Formulas'!B18*(1+0.3*AE3)*(1+0.4*AF3),0)))*(1000/'Rules & Formulas'!B19)*MIN(0.95,'Rules & Formulas'!B20*SQRT(1+0.55*(AG3>=1))),0)))<=0,9999,(IFERROR(VLOOKUP(C4,Monsters!$T$4:$AH$15,2,FALSE),0))/(((105/'Rules & Formulas'!B10)*'Rules & Formulas'!B11+IF(AD3>=1,(MAX(1,ROUND('Rules & Formulas'!B18*(1+0.3*AE3)*(1+0.4*AF3),0)))*(1000/'Rules & Formulas'!B19)*MIN(0.95,'Rules & Formulas'!B20*SQRT(1+0.55*(AG3>=1))),0))))<='Rules & Formulas'!B12)),0,MIN(IF(G3<=1,120,IF(G3=2,280,600)),I3+IF(AND((E4="OK"),B4="Hunt"),((IF(B4="Hunt",(('Rules & Formulas'!B4*N3*('Rules & Formulas'!B5+O3)*IFERROR(VLOOKUP(C4,Monsters!$T$4:$AH$15,10,FALSE),0)*IFERROR(VLOOKUP(C4,Monsters!$T$4:$AH$15,9,FALSE),0))*'Rules & Formulas'!B6)*IF(D4="",0,D4),0))*(IFERROR(VLOOKUP(C4,Monsters!$T$4:$AH$15,4,FALSE),0))+(IF(OR(B4<>"Hunt",IFERROR(VLOOKUP(C4,Monsters!$T$4:$AH$15,6,FALSE),0)=0),0,FLOOR((IF(B4="Hunt",(('Rules & Formulas'!B4*N3*('Rules & Formulas'!B5+O3)*IFERROR(VLOOKUP(C4,Monsters!$T$4:$AH$15,10,FALSE),0)*IFERROR(VLOOKUP(C4,Monsters!$T$4:$AH$15,9,FALSE),0))*'Rules & Formulas'!B6)*IF(D4="",0,D4),0))/MAX(1,IFERROR(VLOOKUP(C4,Monsters!$T$4:$AH$15,6,FALSE),0)),1)))*(IFERROR(VLOOKUP(C4,Monsters!$T$4:$AH$15,7,FALSE),0))),0)+IF(AND((E4="OK"),B4="Go AFK"),((IF(B4="Go AFK",MIN(IF((IF((IFERROR(VLOOKUP(C4,Monsters!$T$4:$AH$15,8,FALSE),0))=0,0.35,IFERROR(VLOOKUP(C4,Monsters!$T$4:$AH$15,8,FALSE),0))/(1+0.08*AK3))<=0,999999,FLOOR(MIN(('Rules & Formulas'!B15+25*AJ3),M3+('Rules & Formulas'!B14+0.4*AJ3)*(MIN(IF(B4="Go AFK",IF(D4="",0,D4),0),Z3/60)*60))/(IF((IFERROR(VLOOKUP(C4,Monsters!$T$4:$AH$15,8,FALSE),0))=0,0.35,IFERROR(VLOOKUP(C4,Monsters!$T$4:$AH$15,8,FALSE),0))/(1+0.08*AK3)),1)),('Rules & Formulas'!B4*N3*('Rules & Formulas'!B5+O3)*IFERROR(VLOOKUP(C4,Monsters!$T$4:$AH$15,10,FALSE),0)*IFERROR(VLOOKUP(C4,Monsters!$T$4:$AH$15,9,FALSE),0))*(MIN(IF(B4="Go AFK",IF(D4="",0,D4),0),Z3/60)*60)),0))*(IFERROR(VLOOKUP(C4,Monsters!$T$4:$AH$15,4,FALSE),0))+(IF(OR(B4<>"Go AFK",IFERROR(VLOOKUP(C4,Monsters!$T$4:$AH$15,6,FALSE),0)=0),0,FLOOR((IF(B4="Go AFK",MIN(IF((IF((IFERROR(VLOOKUP(C4,Monsters!$T$4:$AH$15,8,FALSE),0))=0,0.35,IFERROR(VLOOKUP(C4,Monsters!$T$4:$AH$15,8,FALSE),0))/(1+0.08*AK3))<=0,999999,FLOOR(MIN(('Rules & Formulas'!B15+25*AJ3),M3+('Rules & Formulas'!B14+0.4*AJ3)*(MIN(IF(B4="Go AFK",IF(D4="",0,D4),0),Z3/60)*60))/(IF((IFERROR(VLOOKUP(C4,Monsters!$T$4:$AH$15,8,FALSE),0))=0,0.35,IFERROR(VLOOKUP(C4,Monsters!$T$4:$AH$15,8,FALSE),0))/(1+0.08*AK3)),1)),('Rules & Formulas'!B4*N3*('Rules & Formulas'!B5+O3)*IFERROR(VLOOKUP(C4,Monsters!$T$4:$AH$15,10,FALSE),0)*IFERROR(VLOOKUP(C4,Monsters!$T$4:$AH$15,9,FALSE),0))*(MIN(IF(B4="Go AFK",IF(D4="",0,D4),0),Z3/60)*60)),0))/MAX(1,IFERROR(VLOOKUP(C4,Monsters!$T$4:$AH$15,6,FALSE),0)),1)))*(IFERROR(VLOOKUP(C4,Monsters!$T$4:$AH$15,7,FALSE),0))),0))) | J4: =MAX(0,J3+IF(AND((E4="OK"),B4="Hunt"),(IF(B4="Hunt",(('Rules & Formulas'!B4*N3*('Rules & Formulas'!B5+O3)*IFERROR(VLOOKUP(C4,Monsters!$T$4:$AH$15,10,FALSE),0)*IFERROR(VLOOKUP(C4,Monsters!$T$4:$AH$15,9,FALSE),0))*'Rules & Formulas'!B6)*IF(D4="",0,D4),0))*(IFERROR(VLOOKUP(C4,Monsters!$T$4:$AH$15,5,FALSE),0)),0)+IF(AND((E4="OK"),B4="Go AFK"),(IF(B4="Go AFK",MIN(IF((IF((IFERROR(VLOOKUP(C4,Monsters!$T$4:$AH$15,8,FALSE),0))=0,0.35,IFERROR(VLOOKUP(C4,Monsters!$T$4:$AH$15,8,FALSE),0))/(1+0.08*AK3))<=0,999999,FLOOR(MIN(('Rules & Formulas'!B15+25*AJ3),M3+('Rules & Formulas'!B14+0.4*AJ3)*(MIN(IF(B4="Go AFK",IF(D4="",0,D4),0),Z3/60)*60))/(IF((IFERROR(VLOOKUP(C4,Monsters!$T$4:$AH$15,8,FALSE),0))=0,0.35,IFERROR(VLOOKUP(C4,Monsters!$T$4:$AH$15,8,FALSE),0))/(1+0.08*AK3)),1)),('Rules & Formulas'!B4*N3*('Rules & Formulas'!B5+O3)*IFERROR(VLOOKUP(C4,Monsters!$T$4:$AH$15,10,FALSE),0)*IFERROR(VLOOKUP(C4,Monsters!$T$4:$AH$15,9,FALSE),0))*(MIN(IF(B4="Go AFK",IF(D4="",0,D4),0),Z3/60)*60)),0))*(IFERROR(VLOOKUP(C4,Monsters!$T$4:$AH$15,5,FALSE),0)),0)-IF(AND((E4="OK"),OR(B4="Buy upgrade",B4="Forge/Scrapwork buy"),IFERROR(VLOOKUP(C4,Upgrades!$N$4:$T$47,2,FALSE),0)="scraps"),IFERROR(FLOOR(IFERROR(VLOOKUP(C4,Upgrades!$N$4:$T$47,3,FALSE),0)*(IFERROR(VLOOKUP(C4,Upgrades!$N$4:$T$47,4,FALSE),0)^(COUNTIFS($B$3:$B3,"Buy upgrade",$C$3:$C3,C4)+COUNTIFS($B$3:$B3,"Hire hunter",$C$3:$C3,C4)+COUNTIFS($B$3:$B3,"Forge/Scrapwork buy",$C$3:$C3,C4))),1),0),0)) | K4: =MAX(0,K3+IF(AND((E4="OK"),B4="Hunt"),IF(C4="Thornpelt Bear",(IF(B4="Hunt",(('Rules & Formulas'!B4*N3*('Rules & Formulas'!B5+O3)*IFERROR(VLOOKUP(C4,Monsters!$T$4:$AH$15,10,FALSE),0)*IFERROR(VLOOKUP(C4,Monsters!$T$4:$AH$15,9,FALSE),0))*'Rules & Formulas'!B6)*IF(D4="",0,D4),0))*0.12,0),0)+IF(AND((E4="OK"),B4="Go AFK"),IF(C4="Thornpelt Bear",(IF(B4="Go AFK",MIN(IF((IF((IFERROR(VLOOKUP(C4,Monsters!$T$4:$AH$15,8,FALSE),0))=0,0.35,IFERROR(VLOOKUP(C4,Monsters!$T$4:$AH$15,8,FALSE),0))/(1+0.08*AK3))<=0,999999,FLOOR(MIN(('Rules & Formulas'!B15+25*AJ3),M3+('Rules & Formulas'!B14+0.4*AJ3)*(MIN(IF(B4="Go AFK",IF(D4="",0,D4),0),Z3/60)*60))/(IF((IFERROR(VLOOKUP(C4,Monsters!$T$4:$AH$15,8,FALSE),0))=0,0.35,IFERROR(VLOOKUP(C4,Monsters!$T$4:$AH$15,8,FALSE),0))/(1+0.08*AK3)),1)),('Rules & Formulas'!B4*N3*('Rules & Formulas'!B5+O3)*IFERROR(VLOOKUP(C4,Monsters!$T$4:$AH$15,10,FALSE),0)*IFERROR(VLOOKUP(C4,Monsters!$T$4:$AH$15,9,FALSE),0))*(MIN(IF(B4="Go AFK",IF(D4="",0,D4),0),Z3/60)*60)),0))*0.12,0),0)) | L4: =MAX(0,L3+IF(AND((E4="OK"),B4="Hunt"),IF(C4="Dire Thornpelt",(IF(B4="Hunt",(('Rules & Formulas'!B4*N3*('Rules & Formulas'!B5+O3)*IFERROR(VLOOKUP(C4,Monsters!$T$4:$AH$15,10,FALSE),0)*IFERROR(VLOOKUP(C4,Monsters!$T$4:$AH$15,9,FALSE),0))*'Rules & Formulas'!B6)*IF(D4="",0,D4),0))*0.1,0),0)+IF(AND((E4="OK"),B4="Go AFK"),IF(C4="Dire Thornpelt",(IF(B4="Go AFK",MIN(IF((IF((IFERROR(VLOOKUP(C4,Monsters!$T$4:$AH$15,8,FALSE),0))=0,0.35,IFERROR(VLOOKUP(C4,Monsters!$T$4:$AH$15,8,FALSE),0))/(1+0.08*AK3))<=0,999999,FLOOR(MIN(('Rules & Formulas'!B15+25*AJ3),M3+('Rules & Formulas'!B14+0.4*AJ3)*(MIN(IF(B4="Go AFK",IF(D4="",0,D4),0),Z3/60)*60))/(IF((IFERROR(VLOOKUP(C4,Monsters!$T$4:$AH$15,8,FALSE),0))=0,0.35,IFERROR(VLOOKUP(C4,Monsters!$T$4:$AH$15,8,FALSE),0))/(1+0.08*AK3)),1)),('Rules & Formulas'!B4*N3*('Rules & Formulas'!B5+O3)*IFERROR(VLOOKUP(C4,Monsters!$T$4:$AH$15,10,FALSE),0)*IFERROR(VLOOKUP(C4,Monsters!$T$4:$AH$15,9,FALSE),0))*(MIN(IF(B4="Go AFK",IF(D4="",0,D4),0),Z3/60)*60)),0))*0.1,0),0)) | M4: =IF(AND((E4="OK"),B4="Go AFK"),MAX(0,MIN(('Rules & Formulas'!B15+25*AJ3),M3+('Rules & Formulas'!B14+0.4*AJ3)*(MIN(IF(B4="Go AFK",IF(D4="",0,D4),0),Z3/60)*60))-(IF(B4="Go AFK",MIN(IF((IF((IFERROR(VLOOKUP(C4,Monsters!$T$4:$AH$15,8,FALSE),0))=0,0.35,IFERROR(VLOOKUP(C4,Monsters!$T$4:$AH$15,8,FALSE),0))/(1+0.08*AK3))<=0,999999,FLOOR(MIN(('Rules & Formulas'!B15+25*AJ3),M3+('Rules & Formulas'!B14+0.4*AJ3)*(MIN(IF(B4="Go AFK",IF(D4="",0,D4),0),Z3/60)*60))/(IF((IFERROR(VLOOKUP(C4,Monsters!$T$4:$AH$15,8,FALSE),0))=0,0.35,IFERROR(VLOOKUP(C4,Monsters!$T$4:$AH$15,8,FALSE),0))/(1+0.08*AK3)),1)),('Rules & Formulas'!B4*N3*('Rules & Formulas'!B5+O3)*IFERROR(VLOOKUP(C4,Monsters!$T$4:$AH$15,10,FALSE),0)*IFERROR(VLOOKUP(C4,Monsters!$T$4:$AH$15,9,FALSE),0))*(MIN(IF(B4="Go AFK",IF(D4="",0,D4),0),Z3/60)*60)),0))*(IF((IFERROR(VLOOKUP(C4,Monsters!$T$4:$AH$15,8,FALSE),0))=0,0.35,IFERROR(VLOOKUP(C4,Monsters!$T$4:$AH$15,8,FALSE),0))/(1+0.08*AK3))),MIN(('Rules & Formulas'!B15+25*AJ4),M3)) | N4: =(1+0.08+0.12*AA4+0.12*AB4+0.16*AC4) | O4: =((AD4>=1)*1*(1+0.3*AE4)) | P4: =IF(OR(B4="Hunt",B4="Go AFK"),(('Rules & Formulas'!B4*N3*('Rules & Formulas'!B5+O3)*IFERROR(VLOOKUP(C4,Monsters!$T$4:$AH$15,10,FALSE),0)*IFERROR(VLOOKUP(C4,Monsters!$T$4:$AH$15,9,FALSE),0))*'Rules & Formulas'!B6),"") | Q4: =IF(OR(B4="Hunt",B4="Go AFK"),('Rules & Formulas'!B4*N3*('Rules & Formulas'!B5+O3)*IFERROR(VLOOKUP(C4,Monsters!$T$4:$AH$15,10,FALSE),0)*IFERROR(VLOOKUP(C4,Monsters!$T$4:$AH$15,9,FALSE),0)),"") | R4: =IF(AND((E4="OK"),B4="Hunt"),IF(B4="Hunt",(('Rules & Formulas'!B4*N3*('Rules & Formulas'!B5+O3)*IFERROR(VLOOKUP(C4,Monsters!$T$4:$AH$15,10,FALSE),0)*IFERROR(VLOOKUP(C4,Monsters!$T$4:$AH$15,9,FALSE),0))*'Rules & Formulas'!B6)*IF(D4="",0,D4),0),IF(AND((E4="OK"),B4="Go AFK"),IF(B4="Go AFK",MIN(IF((IF((IFERROR(VLOOKUP(C4,Monsters!$T$4:$AH$15,8,FALSE),0))=0,0.35,IFERROR(VLOOKUP(C4,Monsters!$T$4:$AH$15,8,FALSE),0))/(1+0.08*AK3))<=0,999999,FLOOR(MIN(('Rules & Formulas'!B15+25*AJ3),M3+('Rules & Formulas'!B14+0.4*AJ3)*(MIN(IF(B4="Go AFK",IF(D4="",0,D4),0),Z3/60)*60))/(IF((IFERROR(VLOOKUP(C4,Monsters!$T$4:$AH$15,8,FALSE),0))=0,0.35,IFERROR(VLOOKUP(C4,Monsters!$T$4:$AH$15,8,FALSE),0))/(1+0.08*AK3)),1)),('Rules & Formulas'!B4*N3*('Rules & Formulas'!B5+O3)*IFERROR(VLOOKUP(C4,Monsters!$T$4:$AH$15,10,FALSE),0)*IFERROR(VLOOKUP(C4,Monsters!$T$4:$AH$15,9,FALSE),0))*(MIN(IF(B4="Go AFK",IF(D4="",0,D4),0),Z3/60)*60)),0),0)) | S4: =(105/'Rules & Formulas'!B10)*'Rules & Formulas'!B11 | T4: =IF(AD3>=1,(MAX(1,ROUND('Rules & Formulas'!B18*(1+0.3*AE3)*(1+0.4*AF3),0)))*(1000/'Rules & Formulas'!B19)*MIN(0.95,'Rules & Formulas'!B20*SQRT(1+0.55*(AG3>=1))),0) | U4: =S4+T4 | V4: =IF(I3>=IF((IFERROR(VLOOKUP(C4,Monsters!$T$4:$AH$15,15,FALSE),0))=0,120,IFERROR(VLOOKUP(C4,Monsters!$T$4:$AH$15,15,FALSE),0)),"YES","no") | W4: =IF(AND(B4="Fight boss",E4="OK"),IF((((105/'Rules & Formulas'!B10)*'Rules & Formulas'!B11+IF(AD3>=1,(MAX(1,ROUND('Rules & Formulas'!B18*(1+0.3*AE3)*(1+0.4*AF3),0)))*(1000/'Rules & Formulas'!B19)*MIN(0.95,'Rules & Formulas'!B20*SQRT(1+0.55*(AG3>=1))),0)))<=0,9999,(IFERROR(VLOOKUP(C4,Monsters!$T$4:$AH$15,2,FALSE),0))/(((105/'Rules & Formulas'!B10)*'Rules & Formulas'!B11+IF(AD3>=1,(MAX(1,ROUND('Rules & Formulas'!B18*(1+0.3*AE3)*(1+0.4*AF3),0)))*(1000/'Rules & Formulas'!B19)*MIN(0.95,'Rules & Formulas'!B20*SQRT(1+0.55*(AG3>=1))),0)))),"") | X4: =IF(AND(B4="Fight boss",E4="OK"),IF((IF((((105/'Rules & Formulas'!B10)*'Rules & Formulas'!B11+IF(AD3>=1,(MAX(1,ROUND('Rules & Formulas'!B18*(1+0.3*AE3)*(1+0.4*AF3),0)))*(1000/'Rules & Formulas'!B19)*MIN(0.95,'Rules & Formulas'!B20*SQRT(1+0.55*(AG3>=1))),0)))<=0,9999,(IFERROR(VLOOKUP(C4,Monsters!$T$4:$AH$15,2,FALSE),0))/(((105/'Rules & Formulas'!B10)*'Rules & Formulas'!B11+IF(AD3>=1,(MAX(1,ROUND('Rules & Formulas'!B18*(1+0.3*AE3)*(1+0.4*AF3),0)))*(1000/'Rules & Formulas'!B19)*MIN(0.95,'Rules & Formulas'!B20*SQRT(1+0.55*(AG3>=1))),0))))<='Rules & Formulas'!B12),"WIN","LOSE"),"") | Y4: =IF(B4="Go AFK",MIN(IF(B4="Go AFK",IF(D4="",0,D4),0),Z3/60),"") | Z4: =('Rules & Formulas'!B13+30*AI4) | AA4: =COUNTIFS($B$3:$B4,"Buy upgrade",$C$3:$C4,"Idle Power") | AB4: =COUNTIFS($B$3:$B4,"Buy upgrade",$C$3:$C4,"Iron Blade") | AC4: =COUNTIFS($B$3:$B4,"Buy upgrade",$C$3:$C4,"Steel Blade") | AD4: =COUNTIFS($B$3:$B4,"Hire hunter",$C$3:$C4,"Briar")+COUNTIFS($B$3:$B4,"Buy upgrade",$C$3:$C4,"Hire Briar") | AE4: =COUNTIFS($B$3:$B4,"Buy upgrade",$C$3:$C4,"Hunter Power") | AF4: =COUNTIFS($B$3:$B4,"Buy upgrade",$C$3:$C4,"Bigger Hits") | AG4: =COUNTIFS($B$3:$B4,"Buy upgrade",$C$3:$C4,"Swift Walk") | AH4: =COUNTIFS($B$3:$B4,"Buy upgrade",$C$3:$C4,"Loot Luck") | AI4: =COUNTIFS($B$3:$B4,"Buy upgrade",$C$3:$C4,"Offline Cap") | AJ4: =COUNTIFS($B$3:$B4,"Buy upgrade",$C$3:$C4,"Bigger Food Stock") | AK4: =COUNTIFS($B$3:$B4,"Buy upgrade",$C$3:$C4,"Food Efficiency")
A5: 3 | B5: Go AFK | C5: Bristle Cub | D5: 8 | E5: =IF(B5="","",IF(OR(B5="Hunt",B5="Go AFK"),IF(C5="","Can't","OK"),IF(B5="Fight boss",IF(I4<IF((IFERROR(VLOOKUP(C5,Monsters!$T$4:$AH$15,15,FALSE),0))=0,120,IFERROR(VLOOKUP(C5,Monsters!$T$4:$AH$15,15,FALSE),0)),"Can't","OK"),IF(B5="Hire hunter",IF(AND(C5="Briar",AD4>=1),"Can't",IF(H4<IF(C5="Briar",140,IF(C5="Quill",3650,IF(C5="Moss",4850,IF(C5="Ember",12200,0)))),"Can't","OK")),IF(OR(B5="Buy upgrade",B5="Forge/Scrapwork buy"),IF(IFERROR(VLOOKUP(C5,Upgrades!$N$4:$T$47,2,FALSE),0)="points","Can't",IF(IFERROR(VLOOKUP(C5,Upgrades!$N$4:$T$47,2,FALSE),0)="gold",IF(H4<IFERROR(FLOOR(IFERROR(VLOOKUP(C5,Upgrades!$N$4:$T$47,3,FALSE),0)*(IFERROR(VLOOKUP(C5,Upgrades!$N$4:$T$47,4,FALSE),0)^(COUNTIFS($B$3:$B4,"Buy upgrade",$C$3:$C4,C5)+COUNTIFS($B$3:$B4,"Hire hunter",$C$3:$C4,C5)+COUNTIFS($B$3:$B4,"Forge/Scrapwork buy",$C$3:$C4,C5))),1),0),"Can't","OK"),IF(IFERROR(VLOOKUP(C5,Upgrades!$N$4:$T$47,2,FALSE),0)="scraps",IF(J4<IFERROR(FLOOR(IFERROR(VLOOKUP(C5,Upgrades!$N$4:$T$47,3,FALSE),0)*(IFERROR(VLOOKUP(C5,Upgrades!$N$4:$T$47,4,FALSE),0)^(COUNTIFS($B$3:$B4,"Buy upgrade",$C$3:$C4,C5)+COUNTIFS($B$3:$B4,"Hire hunter",$C$3:$C4,C5)+COUNTIFS($B$3:$B4,"Forge/Scrapwork buy",$C$3:$C4,C5))),1),0),"Can't","OK"),IF(IFERROR(VLOOKUP(C5,Upgrades!$N$4:$T$47,2,FALSE),0)="mats","Can't","OK")))),"Check"))))) | F5: =IF(B5="","",IF(AND(B5="Fight boss",I4<IF((IFERROR(VLOOKUP(C5,Monsters!$T$4:$AH$15,15,FALSE),0))=0,120,IFERROR(VLOOKUP(C5,Monsters!$T$4:$AH$15,15,FALSE),0))),"Can't — need "&TEXT(IF((IFERROR(VLOOKUP(C5,Monsters!$T$4:$AH$15,15,FALSE),0))=0,120,IFERROR(VLOOKUP(C5,Monsters!$T$4:$AH$15,15,FALSE),0))-I4,"0.0")&" more Slayer points on the meter",IF(AND(B5="Hire hunter",C5="Briar",AD4>=1),"Can't — already hired",IF(AND(B5="Hire hunter",H4<IF(C5="Briar",140,IF(C5="Quill",3650,IF(C5="Moss",4850,IF(C5="Ember",12200,0))))),"Can't — need "&TEXT(IF(C5="Briar",140,IF(C5="Quill",3650,IF(C5="Moss",4850,IF(C5="Ember",12200,0))))-H4,"0")&" more gold",IF(AND(OR(B5="Buy upgrade",B5="Forge/Scrapwork buy"),IFERROR(VLOOKUP(C5,Upgrades!$N$4:$T$47,2,FALSE),0)="points"),"Can't — Sp-wallet spends not tracked here",IF(AND(OR(B5="Buy upgrade",B5="Forge/Scrapwork buy"),IFERROR(VLOOKUP(C5,Upgrades!$N$4:$T$47,2,FALSE),0)="gold",H4<IFERROR(FLOOR(IFERROR(VLOOKUP(C5,Upgrades!$N$4:$T$47,3,FALSE),0)*(IFERROR(VLOOKUP(C5,Upgrades!$N$4:$T$47,4,FALSE),0)^(COUNTIFS($B$3:$B4,"Buy upgrade",$C$3:$C4,C5)+COUNTIFS($B$3:$B4,"Hire hunter",$C$3:$C4,C5)+COUNTIFS($B$3:$B4,"Forge/Scrapwork buy",$C$3:$C4,C5))),1),0)),"Can't — need "&TEXT(IFERROR(FLOOR(IFERROR(VLOOKUP(C5,Upgrades!$N$4:$T$47,3,FALSE),0)*(IFERROR(VLOOKUP(C5,Upgrades!$N$4:$T$47,4,FALSE),0)^(COUNTIFS($B$3:$B4,"Buy upgrade",$C$3:$C4,C5)+COUNTIFS($B$3:$B4,"Hire hunter",$C$3:$C4,C5)+COUNTIFS($B$3:$B4,"Forge/Scrapwork buy",$C$3:$C4,C5))),1),0)-H4,"0")&" more gold",IF(AND(OR(B5="Buy upgrade",B5="Forge/Scrapwork buy"),IFERROR(VLOOKUP(C5,Upgrades!$N$4:$T$47,2,FALSE),0)="scraps",J4<IFERROR(FLOOR(IFERROR(VLOOKUP(C5,Upgrades!$N$4:$T$47,3,FALSE),0)*(IFERROR(VLOOKUP(C5,Upgrades!$N$4:$T$47,4,FALSE),0)^(COUNTIFS($B$3:$B4,"Buy upgrade",$C$3:$C4,C5)+COUNTIFS($B$3:$B4,"Hire hunter",$C$3:$C4,C5)+COUNTIFS($B$3:$B4,"Forge/Scrapwork buy",$C$3:$C4,C5))),1),0)),"Can't — need "&TEXT(IFERROR(FLOOR(IFERROR(VLOOKUP(C5,Upgrades!$N$4:$T$47,3,FALSE),0)*(IFERROR(VLOOKUP(C5,Upgrades!$N$4:$T$47,4,FALSE),0)^(COUNTIFS($B$3:$B4,"Buy upgrade",$C$3:$C4,C5)+COUNTIFS($B$3:$B4,"Hire hunter",$C$3:$C4,C5)+COUNTIFS($B$3:$B4,"Forge/Scrapwork buy",$C$3:$C4,C5))),1),0)-J4,"0")&" more scraps",IF(AND(B5="Fight boss",E5="OK",(IF((((105/'Rules & Formulas'!B10)*'Rules & Formulas'!B11+IF(AD4>=1,(MAX(1,ROUND('Rules & Formulas'!B18*(1+0.3*AE4)*(1+0.4*AF4),0)))*(1000/'Rules & Formulas'!B19)*MIN(0.95,'Rules & Formulas'!B20*SQRT(1+0.55*(AG4>=1))),0)))<=0,9999,(IFERROR(VLOOKUP(C5,Monsters!$T$4:$AH$15,2,FALSE),0))/(((105/'Rules & Formulas'!B10)*'Rules & Formulas'!B11+IF(AD4>=1,(MAX(1,ROUND('Rules & Formulas'!B18*(1+0.3*AE4)*(1+0.4*AF4),0)))*(1000/'Rules & Formulas'!B19)*MIN(0.95,'Rules & Formulas'!B20*SQRT(1+0.55*(AG4>=1))),0))))<='Rules & Formulas'!B12)),"WIN — boss down, next Level unlocks",IF(AND(B5="Fight boss",E5="OK"),"LOSE — TTK "&TEXT(IF((((105/'Rules & Formulas'!B10)*'Rules & Formulas'!B11+IF(AD4>=1,(MAX(1,ROUND('Rules & Formulas'!B18*(1+0.3*AE4)*(1+0.4*AF4),0)))*(1000/'Rules & Formulas'!B19)*MIN(0.95,'Rules & Formulas'!B20*SQRT(1+0.55*(AG4>=1))),0)))<=0,9999,(IFERROR(VLOOKUP(C5,Monsters!$T$4:$AH$15,2,FALSE),0))/(((105/'Rules & Formulas'!B10)*'Rules & Formulas'!B11+IF(AD4>=1,(MAX(1,ROUND('Rules & Formulas'!B18*(1+0.3*AE4)*(1+0.4*AF4),0)))*(1000/'Rules & Formulas'!B19)*MIN(0.95,'Rules & Formulas'!B20*SQRT(1+0.55*(AG4>=1))),0)))),"0")&"s > patience "&TEXT('Rules & Formulas'!B12,"0")&"s (leave resets HP)",IF(B5="Go AFK","AFK resolved (see AFK counted h)","Applied"))))))))) | G5: =IF(AND((E5="OK"),B5="Fight boss",(IF((((105/'Rules & Formulas'!B10)*'Rules & Formulas'!B11+IF(AD4>=1,(MAX(1,ROUND('Rules & Formulas'!B18*(1+0.3*AE4)*(1+0.4*AF4),0)))*(1000/'Rules & Formulas'!B19)*MIN(0.95,'Rules & Formulas'!B20*SQRT(1+0.55*(AG4>=1))),0)))<=0,9999,(IFERROR(VLOOKUP(C5,Monsters!$T$4:$AH$15,2,FALSE),0))/(((105/'Rules & Formulas'!B10)*'Rules & Formulas'!B11+IF(AD4>=1,(MAX(1,ROUND('Rules & Formulas'!B18*(1+0.3*AE4)*(1+0.4*AF4),0)))*(1000/'Rules & Formulas'!B19)*MIN(0.95,'Rules & Formulas'!B20*SQRT(1+0.55*(AG4>=1))),0))))<='Rules & Formulas'!B12),C5="Elder Thornpelt"),2,IF(AND((E5="OK"),B5="Fight boss",(IF((((105/'Rules & Formulas'!B10)*'Rules & Formulas'!B11+IF(AD4>=1,(MAX(1,ROUND('Rules & Formulas'!B18*(1+0.3*AE4)*(1+0.4*AF4),0)))*(1000/'Rules & Formulas'!B19)*MIN(0.95,'Rules & Formulas'!B20*SQRT(1+0.55*(AG4>=1))),0)))<=0,9999,(IFERROR(VLOOKUP(C5,Monsters!$T$4:$AH$15,2,FALSE),0))/(((105/'Rules & Formulas'!B10)*'Rules & Formulas'!B11+IF(AD4>=1,(MAX(1,ROUND('Rules & Formulas'!B18*(1+0.3*AE4)*(1+0.4*AF4),0)))*(1000/'Rules & Formulas'!B19)*MIN(0.95,'Rules & Formulas'!B20*SQRT(1+0.55*(AG4>=1))),0))))<='Rules & Formulas'!B12),C5="Ashfang Alpha"),3,G4)) | H5: =MAX(0,H4+IF(AND((E5="OK"),B5="Hunt"),(IF(B5="Hunt",(('Rules & Formulas'!B4*N4*('Rules & Formulas'!B5+O4)*IFERROR(VLOOKUP(C5,Monsters!$T$4:$AH$15,10,FALSE),0)*IFERROR(VLOOKUP(C5,Monsters!$T$4:$AH$15,9,FALSE),0))*'Rules & Formulas'!B6)*IF(D5="",0,D5),0))*(IFERROR(VLOOKUP(C5,Monsters!$T$4:$AH$15,3,FALSE),0))*(1+0.1*AH4)+(IF(OR(B5<>"Hunt",IFERROR(VLOOKUP(C5,Monsters!$T$4:$AH$15,6,FALSE),0)=0),0,FLOOR((IF(B5="Hunt",(('Rules & Formulas'!B4*N4*('Rules & Formulas'!B5+O4)*IFERROR(VLOOKUP(C5,Monsters!$T$4:$AH$15,10,FALSE),0)*IFERROR(VLOOKUP(C5,Monsters!$T$4:$AH$15,9,FALSE),0))*'Rules & Formulas'!B6)*IF(D5="",0,D5),0))/MAX(1,IFERROR(VLOOKUP(C5,Monsters!$T$4:$AH$15,6,FALSE),0)),1)))*(IFERROR(VLOOKUP(C5,Monsters!$T$4:$AH$15,7,FALSE),0))*0.5*(1+0.1*AH4),0)+IF(AND((E5="OK"),B5="Go AFK"),(IF(B5="Go AFK",MIN(IF((IF((IFERROR(VLOOKUP(C5,Monsters!$T$4:$AH$15,8,FALSE),0))=0,0.35,IFERROR(VLOOKUP(C5,Monsters!$T$4:$AH$15,8,FALSE),0))/(1+0.08*AK4))<=0,999999,FLOOR(MIN(('Rules & Formulas'!B15+25*AJ4),M4+('Rules & Formulas'!B14+0.4*AJ4)*(MIN(IF(B5="Go AFK",IF(D5="",0,D5),0),Z4/60)*60))/(IF((IFERROR(VLOOKUP(C5,Monsters!$T$4:$AH$15,8,FALSE),0))=0,0.35,IFERROR(VLOOKUP(C5,Monsters!$T$4:$AH$15,8,FALSE),0))/(1+0.08*AK4)),1)),('Rules & Formulas'!B4*N4*('Rules & Formulas'!B5+O4)*IFERROR(VLOOKUP(C5,Monsters!$T$4:$AH$15,10,FALSE),0)*IFERROR(VLOOKUP(C5,Monsters!$T$4:$AH$15,9,FALSE),0))*(MIN(IF(B5="Go AFK",IF(D5="",0,D5),0),Z4/60)*60)),0))*(IFERROR(VLOOKUP(C5,Monsters!$T$4:$AH$15,3,FALSE),0))*(1+0.1*AH4)+(IF(OR(B5<>"Go AFK",IFERROR(VLOOKUP(C5,Monsters!$T$4:$AH$15,6,FALSE),0)=0),0,FLOOR((IF(B5="Go AFK",MIN(IF((IF((IFERROR(VLOOKUP(C5,Monsters!$T$4:$AH$15,8,FALSE),0))=0,0.35,IFERROR(VLOOKUP(C5,Monsters!$T$4:$AH$15,8,FALSE),0))/(1+0.08*AK4))<=0,999999,FLOOR(MIN(('Rules & Formulas'!B15+25*AJ4),M4+('Rules & Formulas'!B14+0.4*AJ4)*(MIN(IF(B5="Go AFK",IF(D5="",0,D5),0),Z4/60)*60))/(IF((IFERROR(VLOOKUP(C5,Monsters!$T$4:$AH$15,8,FALSE),0))=0,0.35,IFERROR(VLOOKUP(C5,Monsters!$T$4:$AH$15,8,FALSE),0))/(1+0.08*AK4)),1)),('Rules & Formulas'!B4*N4*('Rules & Formulas'!B5+O4)*IFERROR(VLOOKUP(C5,Monsters!$T$4:$AH$15,10,FALSE),0)*IFERROR(VLOOKUP(C5,Monsters!$T$4:$AH$15,9,FALSE),0))*(MIN(IF(B5="Go AFK",IF(D5="",0,D5),0),Z4/60)*60)),0))/MAX(1,IFERROR(VLOOKUP(C5,Monsters!$T$4:$AH$15,6,FALSE),0)),1)))*(IFERROR(VLOOKUP(C5,Monsters!$T$4:$AH$15,7,FALSE),0))*0.5*(1+0.1*AH4),0)+IF(AND((E5="OK"),B5="Fight boss",(IF((((105/'Rules & Formulas'!B10)*'Rules & Formulas'!B11+IF(AD4>=1,(MAX(1,ROUND('Rules & Formulas'!B18*(1+0.3*AE4)*(1+0.4*AF4),0)))*(1000/'Rules & Formulas'!B19)*MIN(0.95,'Rules & Formulas'!B20*SQRT(1+0.55*(AG4>=1))),0)))<=0,9999,(IFERROR(VLOOKUP(C5,Monsters!$T$4:$AH$15,2,FALSE),0))/(((105/'Rules & Formulas'!B10)*'Rules & Formulas'!B11+IF(AD4>=1,(MAX(1,ROUND('Rules & Formulas'!B18*(1+0.3*AE4)*(1+0.4*AF4),0)))*(1000/'Rules & Formulas'!B19)*MIN(0.95,'Rules & Formulas'!B20*SQRT(1+0.55*(AG4>=1))),0))))<='Rules & Formulas'!B12)),IFERROR(VLOOKUP(C5,Monsters!$T$4:$AH$15,3,FALSE),0),0)-IF(AND((E5="OK"),OR(B5="Buy upgrade",B5="Forge/Scrapwork buy"),IFERROR(VLOOKUP(C5,Upgrades!$N$4:$T$47,2,FALSE),0)="gold"),IFERROR(FLOOR(IFERROR(VLOOKUP(C5,Upgrades!$N$4:$T$47,3,FALSE),0)*(IFERROR(VLOOKUP(C5,Upgrades!$N$4:$T$47,4,FALSE),0)^(COUNTIFS($B$3:$B4,"Buy upgrade",$C$3:$C4,C5)+COUNTIFS($B$3:$B4,"Hire hunter",$C$3:$C4,C5)+COUNTIFS($B$3:$B4,"Forge/Scrapwork buy",$C$3:$C4,C5))),1),0),0)-IF(AND((E5="OK"),B5="Hire hunter"),IF(C5="Briar",140,IF(C5="Quill",3650,IF(C5="Moss",4850,IF(C5="Ember",12200,0)))),0)) | I5: =IF(AND((E5="OK"),B5="Fight boss",(IF((((105/'Rules & Formulas'!B10)*'Rules & Formulas'!B11+IF(AD4>=1,(MAX(1,ROUND('Rules & Formulas'!B18*(1+0.3*AE4)*(1+0.4*AF4),0)))*(1000/'Rules & Formulas'!B19)*MIN(0.95,'Rules & Formulas'!B20*SQRT(1+0.55*(AG4>=1))),0)))<=0,9999,(IFERROR(VLOOKUP(C5,Monsters!$T$4:$AH$15,2,FALSE),0))/(((105/'Rules & Formulas'!B10)*'Rules & Formulas'!B11+IF(AD4>=1,(MAX(1,ROUND('Rules & Formulas'!B18*(1+0.3*AE4)*(1+0.4*AF4),0)))*(1000/'Rules & Formulas'!B19)*MIN(0.95,'Rules & Formulas'!B20*SQRT(1+0.55*(AG4>=1))),0))))<='Rules & Formulas'!B12)),0,MIN(IF(G4<=1,120,IF(G4=2,280,600)),I4+IF(AND((E5="OK"),B5="Hunt"),((IF(B5="Hunt",(('Rules & Formulas'!B4*N4*('Rules & Formulas'!B5+O4)*IFERROR(VLOOKUP(C5,Monsters!$T$4:$AH$15,10,FALSE),0)*IFERROR(VLOOKUP(C5,Monsters!$T$4:$AH$15,9,FALSE),0))*'Rules & Formulas'!B6)*IF(D5="",0,D5),0))*(IFERROR(VLOOKUP(C5,Monsters!$T$4:$AH$15,4,FALSE),0))+(IF(OR(B5<>"Hunt",IFERROR(VLOOKUP(C5,Monsters!$T$4:$AH$15,6,FALSE),0)=0),0,FLOOR((IF(B5="Hunt",(('Rules & Formulas'!B4*N4*('Rules & Formulas'!B5+O4)*IFERROR(VLOOKUP(C5,Monsters!$T$4:$AH$15,10,FALSE),0)*IFERROR(VLOOKUP(C5,Monsters!$T$4:$AH$15,9,FALSE),0))*'Rules & Formulas'!B6)*IF(D5="",0,D5),0))/MAX(1,IFERROR(VLOOKUP(C5,Monsters!$T$4:$AH$15,6,FALSE),0)),1)))*(IFERROR(VLOOKUP(C5,Monsters!$T$4:$AH$15,7,FALSE),0))),0)+IF(AND((E5="OK"),B5="Go AFK"),((IF(B5="Go AFK",MIN(IF((IF((IFERROR(VLOOKUP(C5,Monsters!$T$4:$AH$15,8,FALSE),0))=0,0.35,IFERROR(VLOOKUP(C5,Monsters!$T$4:$AH$15,8,FALSE),0))/(1+0.08*AK4))<=0,999999,FLOOR(MIN(('Rules & Formulas'!B15+25*AJ4),M4+('Rules & Formulas'!B14+0.4*AJ4)*(MIN(IF(B5="Go AFK",IF(D5="",0,D5),0),Z4/60)*60))/(IF((IFERROR(VLOOKUP(C5,Monsters!$T$4:$AH$15,8,FALSE),0))=0,0.35,IFERROR(VLOOKUP(C5,Monsters!$T$4:$AH$15,8,FALSE),0))/(1+0.08*AK4)),1)),('Rules & Formulas'!B4*N4*('Rules & Formulas'!B5+O4)*IFERROR(VLOOKUP(C5,Monsters!$T$4:$AH$15,10,FALSE),0)*IFERROR(VLOOKUP(C5,Monsters!$T$4:$AH$15,9,FALSE),0))*(MIN(IF(B5="Go AFK",IF(D5="",0,D5),0),Z4/60)*60)),0))*(IFERROR(VLOOKUP(C5,Monsters!$T$4:$AH$15,4,FALSE),0))+(IF(OR(B5<>"Go AFK",IFERROR(VLOOKUP(C5,Monsters!$T$4:$AH$15,6,FALSE),0)=0),0,FLOOR((IF(B5="Go AFK",MIN(IF((IF((IFERROR(VLOOKUP(C5,Monsters!$T$4:$AH$15,8,FALSE),0))=0,0.35,IFERROR(VLOOKUP(C5,Monsters!$T$4:$AH$15,8,FALSE),0))/(1+0.08*AK4))<=0,999999,FLOOR(MIN(('Rules & Formulas'!B15+25*AJ4),M4+('Rules & Formulas'!B14+0.4*AJ4)*(MIN(IF(B5="Go AFK",IF(D5="",0,D5),0),Z4/60)*60))/(IF((IFERROR(VLOOKUP(C5,Monsters!$T$4:$AH$15,8,FALSE),0))=0,0.35,IFERROR(VLOOKUP(C5,Monsters!$T$4:$AH$15,8,FALSE),0))/(1+0.08*AK4)),1)),('Rules & Formulas'!B4*N4*('Rules & Formulas'!B5+O4)*IFERROR(VLOOKUP(C5,Monsters!$T$4:$AH$15,10,FALSE),0)*IFERROR(VLOOKUP(C5,Monsters!$T$4:$AH$15,9,FALSE),0))*(MIN(IF(B5="Go AFK",IF(D5="",0,D5),0),Z4/60)*60)),0))/MAX(1,IFERROR(VLOOKUP(C5,Monsters!$T$4:$AH$15,6,FALSE),0)),1)))*(IFERROR(VLOOKUP(C5,Monsters!$T$4:$AH$15,7,FALSE),0))),0))) | J5: =MAX(0,J4+IF(AND((E5="OK"),B5="Hunt"),(IF(B5="Hunt",(('Rules & Formulas'!B4*N4*('Rules & Formulas'!B5+O4)*IFERROR(VLOOKUP(C5,Monsters!$T$4:$AH$15,10,FALSE),0)*IFERROR(VLOOKUP(C5,Monsters!$T$4:$AH$15,9,FALSE),0))*'Rules & Formulas'!B6)*IF(D5="",0,D5),0))*(IFERROR(VLOOKUP(C5,Monsters!$T$4:$AH$15,5,FALSE),0)),0)+IF(AND((E5="OK"),B5="Go AFK"),(IF(B5="Go AFK",MIN(IF((IF((IFERROR(VLOOKUP(C5,Monsters!$T$4:$AH$15,8,FALSE),0))=0,0.35,IFERROR(VLOOKUP(C5,Monsters!$T$4:$AH$15,8,FALSE),0))/(1+0.08*AK4))<=0,999999,FLOOR(MIN(('Rules & Formulas'!B15+25*AJ4),M4+('Rules & Formulas'!B14+0.4*AJ4)*(MIN(IF(B5="Go AFK",IF(D5="",0,D5),0),Z4/60)*60))/(IF((IFERROR(VLOOKUP(C5,Monsters!$T$4:$AH$15,8,FALSE),0))=0,0.35,IFERROR(VLOOKUP(C5,Monsters!$T$4:$AH$15,8,FALSE),0))/(1+0.08*AK4)),1)),('Rules & Formulas'!B4*N4*('Rules & Formulas'!B5+O4)*IFERROR(VLOOKUP(C5,Monsters!$T$4:$AH$15,10,FALSE),0)*IFERROR(VLOOKUP(C5,Monsters!$T$4:$AH$15,9,FALSE),0))*(MIN(IF(B5="Go AFK",IF(D5="",0,D5),0),Z4/60)*60)),0))*(IFERROR(VLOOKUP(C5,Monsters!$T$4:$AH$15,5,FALSE),0)),0)-IF(AND((E5="OK"),OR(B5="Buy upgrade",B5="Forge/Scrapwork buy"),IFERROR(VLOOKUP(C5,Upgrades!$N$4:$T$47,2,FALSE),0)="scraps"),IFERROR(FLOOR(IFERROR(VLOOKUP(C5,Upgrades!$N$4:$T$47,3,FALSE),0)*(IFERROR(VLOOKUP(C5,Upgrades!$N$4:$T$47,4,FALSE),0)^(COUNTIFS($B$3:$B4,"Buy upgrade",$C$3:$C4,C5)+COUNTIFS($B$3:$B4,"Hire hunter",$C$3:$C4,C5)+COUNTIFS($B$3:$B4,"Forge/Scrapwork buy",$C$3:$C4,C5))),1),0),0)) | K5: =MAX(0,K4+IF(AND((E5="OK"),B5="Hunt"),IF(C5="Thornpelt Bear",(IF(B5="Hunt",(('Rules & Formulas'!B4*N4*('Rules & Formulas'!B5+O4)*IFERROR(VLOOKUP(C5,Monsters!$T$4:$AH$15,10,FALSE),0)*IFERROR(VLOOKUP(C5,Monsters!$T$4:$AH$15,9,FALSE),0))*'Rules & Formulas'!B6)*IF(D5="",0,D5),0))*0.12,0),0)+IF(AND((E5="OK"),B5="Go AFK"),IF(C5="Thornpelt Bear",(IF(B5="Go AFK",MIN(IF((IF((IFERROR(VLOOKUP(C5,Monsters!$T$4:$AH$15,8,FALSE),0))=0,0.35,IFERROR(VLOOKUP(C5,Monsters!$T$4:$AH$15,8,FALSE),0))/(1+0.08*AK4))<=0,999999,FLOOR(MIN(('Rules & Formulas'!B15+25*AJ4),M4+('Rules & Formulas'!B14+0.4*AJ4)*(MIN(IF(B5="Go AFK",IF(D5="",0,D5),0),Z4/60)*60))/(IF((IFERROR(VLOOKUP(C5,Monsters!$T$4:$AH$15,8,FALSE),0))=0,0.35,IFERROR(VLOOKUP(C5,Monsters!$T$4:$AH$15,8,FALSE),0))/(1+0.08*AK4)),1)),('Rules & Formulas'!B4*N4*('Rules & Formulas'!B5+O4)*IFERROR(VLOOKUP(C5,Monsters!$T$4:$AH$15,10,FALSE),0)*IFERROR(VLOOKUP(C5,Monsters!$T$4:$AH$15,9,FALSE),0))*(MIN(IF(B5="Go AFK",IF(D5="",0,D5),0),Z4/60)*60)),0))*0.12,0),0)) | L5: =MAX(0,L4+IF(AND((E5="OK"),B5="Hunt"),IF(C5="Dire Thornpelt",(IF(B5="Hunt",(('Rules & Formulas'!B4*N4*('Rules & Formulas'!B5+O4)*IFERROR(VLOOKUP(C5,Monsters!$T$4:$AH$15,10,FALSE),0)*IFERROR(VLOOKUP(C5,Monsters!$T$4:$AH$15,9,FALSE),0))*'Rules & Formulas'!B6)*IF(D5="",0,D5),0))*0.1,0),0)+IF(AND((E5="OK"),B5="Go AFK"),IF(C5="Dire Thornpelt",(IF(B5="Go AFK",MIN(IF((IF((IFERROR(VLOOKUP(C5,Monsters!$T$4:$AH$15,8,FALSE),0))=0,0.35,IFERROR(VLOOKUP(C5,Monsters!$T$4:$AH$15,8,FALSE),0))/(1+0.08*AK4))<=0,999999,FLOOR(MIN(('Rules & Formulas'!B15+25*AJ4),M4+('Rules & Formulas'!B14+0.4*AJ4)*(MIN(IF(B5="Go AFK",IF(D5="",0,D5),0),Z4/60)*60))/(IF((IFERROR(VLOOKUP(C5,Monsters!$T$4:$AH$15,8,FALSE),0))=0,0.35,IFERROR(VLOOKUP(C5,Monsters!$T$4:$AH$15,8,FALSE),0))/(1+0.08*AK4)),1)),('Rules & Formulas'!B4*N4*('Rules & Formulas'!B5+O4)*IFERROR(VLOOKUP(C5,Monsters!$T$4:$AH$15,10,FALSE),0)*IFERROR(VLOOKUP(C5,Monsters!$T$4:$AH$15,9,FALSE),0))*(MIN(IF(B5="Go AFK",IF(D5="",0,D5),0),Z4/60)*60)),0))*0.1,0),0)) | M5: =IF(AND((E5="OK"),B5="Go AFK"),MAX(0,MIN(('Rules & Formulas'!B15+25*AJ4),M4+('Rules & Formulas'!B14+0.4*AJ4)*(MIN(IF(B5="Go AFK",IF(D5="",0,D5),0),Z4/60)*60))-(IF(B5="Go AFK",MIN(IF((IF((IFERROR(VLOOKUP(C5,Monsters!$T$4:$AH$15,8,FALSE),0))=0,0.35,IFERROR(VLOOKUP(C5,Monsters!$T$4:$AH$15,8,FALSE),0))/(1+0.08*AK4))<=0,999999,FLOOR(MIN(('Rules & Formulas'!B15+25*AJ4),M4+('Rules & Formulas'!B14+0.4*AJ4)*(MIN(IF(B5="Go AFK",IF(D5="",0,D5),0),Z4/60)*60))/(IF((IFERROR(VLOOKUP(C5,Monsters!$T$4:$AH$15,8,FALSE),0))=0,0.35,IFERROR(VLOOKUP(C5,Monsters!$T$4:$AH$15,8,FALSE),0))/(1+0.08*AK4)),1)),('Rules & Formulas'!B4*N4*('Rules & Formulas'!B5+O4)*IFERROR(VLOOKUP(C5,Monsters!$T$4:$AH$15,10,FALSE),0)*IFERROR(VLOOKUP(C5,Monsters!$T$4:$AH$15,9,FALSE),0))*(MIN(IF(B5="Go AFK",IF(D5="",0,D5),0),Z4/60)*60)),0))*(IF((IFERROR(VLOOKUP(C5,Monsters!$T$4:$AH$15,8,FALSE),0))=0,0.35,IFERROR(VLOOKUP(C5,Monsters!$T$4:$AH$15,8,FALSE),0))/(1+0.08*AK4))),MIN(('Rules & Formulas'!B15+25*AJ5),M4)) | N5: =(1+0.08+0.12*AA5+0.12*AB5+0.16*AC5) | O5: =((AD5>=1)*1*(1+0.3*AE5)) | P5: =IF(OR(B5="Hunt",B5="Go AFK"),(('Rules & Formulas'!B4*N4*('Rules & Formulas'!B5+O4)*IFERROR(VLOOKUP(C5,Monsters!$T$4:$AH$15,10,FALSE),0)*IFERROR(VLOOKUP(C5,Monsters!$T$4:$AH$15,9,FALSE),0))*'Rules & Formulas'!B6),"") | Q5: =IF(OR(B5="Hunt",B5="Go AFK"),('Rules & Formulas'!B4*N4*('Rules & Formulas'!B5+O4)*IFERROR(VLOOKUP(C5,Monsters!$T$4:$AH$15,10,FALSE),0)*IFERROR(VLOOKUP(C5,Monsters!$T$4:$AH$15,9,FALSE),0)),"") | R5: =IF(AND((E5="OK"),B5="Hunt"),IF(B5="Hunt",(('Rules & Formulas'!B4*N4*('Rules & Formulas'!B5+O4)*IFERROR(VLOOKUP(C5,Monsters!$T$4:$AH$15,10,FALSE),0)*IFERROR(VLOOKUP(C5,Monsters!$T$4:$AH$15,9,FALSE),0))*'Rules & Formulas'!B6)*IF(D5="",0,D5),0),IF(AND((E5="OK"),B5="Go AFK"),IF(B5="Go AFK",MIN(IF((IF((IFERROR(VLOOKUP(C5,Monsters!$T$4:$AH$15,8,FALSE),0))=0,0.35,IFERROR(VLOOKUP(C5,Monsters!$T$4:$AH$15,8,FALSE),0))/(1+0.08*AK4))<=0,999999,FLOOR(MIN(('Rules & Formulas'!B15+25*AJ4),M4+('Rules & Formulas'!B14+0.4*AJ4)*(MIN(IF(B5="Go AFK",IF(D5="",0,D5),0),Z4/60)*60))/(IF((IFERROR(VLOOKUP(C5,Monsters!$T$4:$AH$15,8,FALSE),0))=0,0.35,IFERROR(VLOOKUP(C5,Monsters!$T$4:$AH$15,8,FALSE),0))/(1+0.08*AK4)),1)),('Rules & Formulas'!B4*N4*('Rules & Formulas'!B5+O4)*IFERROR(VLOOKUP(C5,Monsters!$T$4:$AH$15,10,FALSE),0)*IFERROR(VLOOKUP(C5,Monsters!$T$4:$AH$15,9,FALSE),0))*(MIN(IF(B5="Go AFK",IF(D5="",0,D5),0),Z4/60)*60)),0),0)) | S5: =(105/'Rules & Formulas'!B10)*'Rules & Formulas'!B11 | T5: =IF(AD4>=1,(MAX(1,ROUND('Rules & Formulas'!B18*(1+0.3*AE4)*(1+0.4*AF4),0)))*(1000/'Rules & Formulas'!B19)*MIN(0.95,'Rules & Formulas'!B20*SQRT(1+0.55*(AG4>=1))),0) | U5: =S5+T5 | V5: =IF(I4>=IF((IFERROR(VLOOKUP(C5,Monsters!$T$4:$AH$15,15,FALSE),0))=0,120,IFERROR(VLOOKUP(C5,Monsters!$T$4:$AH$15,15,FALSE),0)),"YES","no") | W5: =IF(AND(B5="Fight boss",E5="OK"),IF((((105/'Rules & Formulas'!B10)*'Rules & Formulas'!B11+IF(AD4>=1,(MAX(1,ROUND('Rules & Formulas'!B18*(1+0.3*AE4)*(1+0.4*AF4),0)))*(1000/'Rules & Formulas'!B19)*MIN(0.95,'Rules & Formulas'!B20*SQRT(1+0.55*(AG4>=1))),0)))<=0,9999,(IFERROR(VLOOKUP(C5,Monsters!$T$4:$AH$15,2,FALSE),0))/(((105/'Rules & Formulas'!B10)*'Rules & Formulas'!B11+IF(AD4>=1,(MAX(1,ROUND('Rules & Formulas'!B18*(1+0.3*AE4)*(1+0.4*AF4),0)))*(1000/'Rules & Formulas'!B19)*MIN(0.95,'Rules & Formulas'!B20*SQRT(1+0.55*(AG4>=1))),0)))),"") | X5: =IF(AND(B5="Fight boss",E5="OK"),IF((IF((((105/'Rules & Formulas'!B10)*'Rules & Formulas'!B11+IF(AD4>=1,(MAX(1,ROUND('Rules & Formulas'!B18*(1+0.3*AE4)*(1+0.4*AF4),0)))*(1000/'Rules & Formulas'!B19)*MIN(0.95,'Rules & Formulas'!B20*SQRT(1+0.55*(AG4>=1))),0)))<=0,9999,(IFERROR(VLOOKUP(C5,Monsters!$T$4:$AH$15,2,FALSE),0))/(((105/'Rules & Formulas'!B10)*'Rules & Formulas'!B11+IF(AD4>=1,(MAX(1,ROUND('Rules & Formulas'!B18*(1+0.3*AE4)*(1+0.4*AF4),0)))*(1000/'Rules & Formulas'!B19)*MIN(0.95,'Rules & Formulas'!B20*SQRT(1+0.55*(AG4>=1))),0))))<='Rules & Formulas'!B12),"WIN","LOSE"),"") | Y5: =IF(B5="Go AFK",MIN(IF(B5="Go AFK",IF(D5="",0,D5),0),Z4/60),"") | Z5: =('Rules & Formulas'!B13+30*AI5) | AA5: =COUNTIFS($B$3:$B5,"Buy upgrade",$C$3:$C5,"Idle Power") | AB5: =COUNTIFS($B$3:$B5,"Buy upgrade",$C$3:$C5,"Iron Blade") | AC5: =COUNTIFS($B$3:$B5,"Buy upgrade",$C$3:$C5,"Steel Blade") | AD5: =COUNTIFS($B$3:$B5,"Hire hunter",$C$3:$C5,"Briar")+COUNTIFS($B$3:$B5,"Buy upgrade",$C$3:$C5,"Hire Briar") | AE5: =COUNTIFS($B$3:$B5,"Buy upgrade",$C$3:$C5,"Hunter Power") | AF5: =COUNTIFS($B$3:$B5,"Buy upgrade",$C$3:$C5,"Bigger Hits") | AG5: =COUNTIFS($B$3:$B5,"Buy upgrade",$C$3:$C5,"Swift Walk") | AH5: =COUNTIFS($B$3:$B5,"Buy upgrade",$C$3:$C5,"Loot Luck") | AI5: =COUNTIFS($B$3:$B5,"Buy upgrade",$C$3:$C5,"Offline Cap") | AJ5: =COUNTIFS($B$3:$B5,"Buy upgrade",$C$3:$C5,"Bigger Food Stock") | AK5: =COUNTIFS($B$3:$B5,"Buy upgrade",$C$3:$C5,"Food Efficiency")
A6: 4 | B6: Buy upgrade | C6: Idle Power | E6: =IF(B6="","",IF(OR(B6="Hunt",B6="Go AFK"),IF(C6="","Can't","OK"),IF(B6="Fight boss",IF(I5<IF((IFERROR(VLOOKUP(C6,Monsters!$T$4:$AH$15,15,FALSE),0))=0,120,IFERROR(VLOOKUP(C6,Monsters!$T$4:$AH$15,15,FALSE),0)),"Can't","OK"),IF(B6="Hire hunter",IF(AND(C6="Briar",AD5>=1),"Can't",IF(H5<IF(C6="Briar",140,IF(C6="Quill",3650,IF(C6="Moss",4850,IF(C6="Ember",12200,0)))),"Can't","OK")),IF(OR(B6="Buy upgrade",B6="Forge/Scrapwork buy"),IF(IFERROR(VLOOKUP(C6,Upgrades!$N$4:$T$47,2,FALSE),0)="points","Can't",IF(IFERROR(VLOOKUP(C6,Upgrades!$N$4:$T$47,2,FALSE),0)="gold",IF(H5<IFERROR(FLOOR(IFERROR(VLOOKUP(C6,Upgrades!$N$4:$T$47,3,FALSE),0)*(IFERROR(VLOOKUP(C6,Upgrades!$N$4:$T$47,4,FALSE),0)^(COUNTIFS($B$3:$B5,"Buy upgrade",$C$3:$C5,C6)+COUNTIFS($B$3:$B5,"Hire hunter",$C$3:$C5,C6)+COUNTIFS($B$3:$B5,"Forge/Scrapwork buy",$C$3:$C5,C6))),1),0),"Can't","OK"),IF(IFERROR(VLOOKUP(C6,Upgrades!$N$4:$T$47,2,FALSE),0)="scraps",IF(J5<IFERROR(FLOOR(IFERROR(VLOOKUP(C6,Upgrades!$N$4:$T$47,3,FALSE),0)*(IFERROR(VLOOKUP(C6,Upgrades!$N$4:$T$47,4,FALSE),0)^(COUNTIFS($B$3:$B5,"Buy upgrade",$C$3:$C5,C6)+COUNTIFS($B$3:$B5,"Hire hunter",$C$3:$C5,C6)+COUNTIFS($B$3:$B5,"Forge/Scrapwork buy",$C$3:$C5,C6))),1),0),"Can't","OK"),IF(IFERROR(VLOOKUP(C6,Upgrades!$N$4:$T$47,2,FALSE),0)="mats","Can't","OK")))),"Check"))))) | F6: =IF(B6="","",IF(AND(B6="Fight boss",I5<IF((IFERROR(VLOOKUP(C6,Monsters!$T$4:$AH$15,15,FALSE),0))=0,120,IFERROR(VLOOKUP(C6,Monsters!$T$4:$AH$15,15,FALSE),0))),"Can't — need "&TEXT(IF((IFERROR(VLOOKUP(C6,Monsters!$T$4:$AH$15,15,FALSE),0))=0,120,IFERROR(VLOOKUP(C6,Monsters!$T$4:$AH$15,15,FALSE),0))-I5,"0.0")&" more Slayer points on the meter",IF(AND(B6="Hire hunter",C6="Briar",AD5>=1),"Can't — already hired",IF(AND(B6="Hire hunter",H5<IF(C6="Briar",140,IF(C6="Quill",3650,IF(C6="Moss",4850,IF(C6="Ember",12200,0))))),"Can't — need "&TEXT(IF(C6="Briar",140,IF(C6="Quill",3650,IF(C6="Moss",4850,IF(C6="Ember",12200,0))))-H5,"0")&" more gold",IF(AND(OR(B6="Buy upgrade",B6="Forge/Scrapwork buy"),IFERROR(VLOOKUP(C6,Upgrades!$N$4:$T$47,2,FALSE),0)="points"),"Can't — Sp-wallet spends not tracked here",IF(AND(OR(B6="Buy upgrade",B6="Forge/Scrapwork buy"),IFERROR(VLOOKUP(C6,Upgrades!$N$4:$T$47,2,FALSE),0)="gold",H5<IFERROR(FLOOR(IFERROR(VLOOKUP(C6,Upgrades!$N$4:$T$47,3,FALSE),0)*(IFERROR(VLOOKUP(C6,Upgrades!$N$4:$T$47,4,FALSE),0)^(COUNTIFS($B$3:$B5,"Buy upgrade",$C$3:$C5,C6)+COUNTIFS($B$3:$B5,"Hire hunter",$C$3:$C5,C6)+COUNTIFS($B$3:$B5,"Forge/Scrapwork buy",$C$3:$C5,C6))),1),0)),"Can't — need "&TEXT(IFERROR(FLOOR(IFERROR(VLOOKUP(C6,Upgrades!$N$4:$T$47,3,FALSE),0)*(IFERROR(VLOOKUP(C6,Upgrades!$N$4:$T$47,4,FALSE),0)^(COUNTIFS($B$3:$B5,"Buy upgrade",$C$3:$C5,C6)+COUNTIFS($B$3:$B5,"Hire hunter",$C$3:$C5,C6)+COUNTIFS($B$3:$B5,"Forge/Scrapwork buy",$C$3:$C5,C6))),1),0)-H5,"0")&" more gold",IF(AND(OR(B6="Buy upgrade",B6="Forge/Scrapwork buy"),IFERROR(VLOOKUP(C6,Upgrades!$N$4:$T$47,2,FALSE),0)="scraps",J5<IFERROR(FLOOR(IFERROR(VLOOKUP(C6,Upgrades!$N$4:$T$47,3,FALSE),0)*(IFERROR(VLOOKUP(C6,Upgrades!$N$4:$T$47,4,FALSE),0)^(COUNTIFS($B$3:$B5,"Buy upgrade",$C$3:$C5,C6)+COUNTIFS($B$3:$B5,"Hire hunter",$C$3:$C5,C6)+COUNTIFS($B$3:$B5,"Forge/Scrapwork buy",$C$3:$C5,C6))),1),0)),"Can't — need "&TEXT(IFERROR(FLOOR(IFERROR(VLOOKUP(C6,Upgrades!$N$4:$T$47,3,FALSE),0)*(IFERROR(VLOOKUP(C6,Upgrades!$N$4:$T$47,4,FALSE),0)^(COUNTIFS($B$3:$B5,"Buy upgrade",$C$3:$C5,C6)+COUNTIFS($B$3:$B5,"Hire hunter",$C$3:$C5,C6)+COUNTIFS($B$3:$B5,"Forge/Scrapwork buy",$C$3:$C5,C6))),1),0)-J5,"0")&" more scraps",IF(AND(B6="Fight boss",E6="OK",(IF((((105/'Rules & Formulas'!B10)*'Rules & Formulas'!B11+IF(AD5>=1,(MAX(1,ROUND('Rules & Formulas'!B18*(1+0.3*AE5)*(1+0.4*AF5),0)))*(1000/'Rules & Formulas'!B19)*MIN(0.95,'Rules & Formulas'!B20*SQRT(1+0.55*(AG5>=1))),0)))<=0,9999,(IFERROR(VLOOKUP(C6,Monsters!$T$4:$AH$15,2,FALSE),0))/(((105/'Rules & Formulas'!B10)*'Rules & Formulas'!B11+IF(AD5>=1,(MAX(1,ROUND('Rules & Formulas'!B18*(1+0.3*AE5)*(1+0.4*AF5),0)))*(1000/'Rules & Formulas'!B19)*MIN(0.95,'Rules & Formulas'!B20*SQRT(1+0.55*(AG5>=1))),0))))<='Rules & Formulas'!B12)),"WIN — boss down, next Level unlocks",IF(AND(B6="Fight boss",E6="OK"),"LOSE — TTK "&TEXT(IF((((105/'Rules & Formulas'!B10)*'Rules & Formulas'!B11+IF(AD5>=1,(MAX(1,ROUND('Rules & Formulas'!B18*(1+0.3*AE5)*(1+0.4*AF5),0)))*(1000/'Rules & Formulas'!B19)*MIN(0.95,'Rules & Formulas'!B20*SQRT(1+0.55*(AG5>=1))),0)))<=0,9999,(IFERROR(VLOOKUP(C6,Monsters!$T$4:$AH$15,2,FALSE),0))/(((105/'Rules & Formulas'!B10)*'Rules & Formulas'!B11+IF(AD5>=1,(MAX(1,ROUND('Rules & Formulas'!B18*(1+0.3*AE5)*(1+0.4*AF5),0)))*(1000/'Rules & Formulas'!B19)*MIN(0.95,'Rules & Formulas'!B20*SQRT(1+0.55*(AG5>=1))),0)))),"0")&"s > patience "&TEXT('Rules & Formulas'!B12,"0")&"s (leave resets HP)",IF(B6="Go AFK","AFK resolved (see AFK counted h)","Applied"))))))))) | G6: =IF(AND((E6="OK"),B6="Fight boss",(IF((((105/'Rules & Formulas'!B10)*'Rules & Formulas'!B11+IF(AD5>=1,(MAX(1,ROUND('Rules & Formulas'!B18*(1+0.3*AE5)*(1+0.4*AF5),0)))*(1000/'Rules & Formulas'!B19)*MIN(0.95,'Rules & Formulas'!B20*SQRT(1+0.55*(AG5>=1))),0)))<=0,9999,(IFERROR(VLOOKUP(C6,Monsters!$T$4:$AH$15,2,FALSE),0))/(((105/'Rules & Formulas'!B10)*'Rules & Formulas'!B11+IF(AD5>=1,(MAX(1,ROUND('Rules & Formulas'!B18*(1+0.3*AE5)*(1+0.4*AF5),0)))*(1000/'Rules & Formulas'!B19)*MIN(0.95,'Rules & Formulas'!B20*SQRT(1+0.55*(AG5>=1))),0))))<='Rules & Formulas'!B12),C6="Elder Thornpelt"),2,IF(AND((E6="OK"),B6="Fight boss",(IF((((105/'Rules & Formulas'!B10)*'Rules & Formulas'!B11+IF(AD5>=1,(MAX(1,ROUND('Rules & Formulas'!B18*(1+0.3*AE5)*(1+0.4*AF5),0)))*(1000/'Rules & Formulas'!B19)*MIN(0.95,'Rules & Formulas'!B20*SQRT(1+0.55*(AG5>=1))),0)))<=0,9999,(IFERROR(VLOOKUP(C6,Monsters!$T$4:$AH$15,2,FALSE),0))/(((105/'Rules & Formulas'!B10)*'Rules & Formulas'!B11+IF(AD5>=1,(MAX(1,ROUND('Rules & Formulas'!B18*(1+0.3*AE5)*(1+0.4*AF5),0)))*(1000/'Rules & Formulas'!B19)*MIN(0.95,'Rules & Formulas'!B20*SQRT(1+0.55*(AG5>=1))),0))))<='Rules & Formulas'!B12),C6="Ashfang Alpha"),3,G5)) | H6: =MAX(0,H5+IF(AND((E6="OK"),B6="Hunt"),(IF(B6="Hunt",(('Rules & Formulas'!B4*N5*('Rules & Formulas'!B5+O5)*IFERROR(VLOOKUP(C6,Monsters!$T$4:$AH$15,10,FALSE),0)*IFERROR(VLOOKUP(C6,Monsters!$T$4:$AH$15,9,FALSE),0))*'Rules & Formulas'!B6)*IF(D6="",0,D6),0))*(IFERROR(VLOOKUP(C6,Monsters!$T$4:$AH$15,3,FALSE),0))*(1+0.1*AH5)+(IF(OR(B6<>"Hunt",IFERROR(VLOOKUP(C6,Monsters!$T$4:$AH$15,6,FALSE),0)=0),0,FLOOR((IF(B6="Hunt",(('Rules & Formulas'!B4*N5*('Rules & Formulas'!B5+O5)*IFERROR(VLOOKUP(C6,Monsters!$T$4:$AH$15,10,FALSE),0)*IFERROR(VLOOKUP(C6,Monsters!$T$4:$AH$15,9,FALSE),0))*'Rules & Formulas'!B6)*IF(D6="",0,D6),0))/MAX(1,IFERROR(VLOOKUP(C6,Monsters!$T$4:$AH$15,6,FALSE),0)),1)))*(IFERROR(VLOOKUP(C6,Monsters!$T$4:$AH$15,7,FALSE),0))*0.5*(1+0.1*AH5),0)+IF(AND((E6="OK"),B6="Go AFK"),(IF(B6="Go AFK",MIN(IF((IF((IFERROR(VLOOKUP(C6,Monsters!$T$4:$AH$15,8,FALSE),0))=0,0.35,IFERROR(VLOOKUP(C6,Monsters!$T$4:$AH$15,8,FALSE),0))/(1+0.08*AK5))<=0,999999,FLOOR(MIN(('Rules & Formulas'!B15+25*AJ5),M5+('Rules & Formulas'!B14+0.4*AJ5)*(MIN(IF(B6="Go AFK",IF(D6="",0,D6),0),Z5/60)*60))/(IF((IFERROR(VLOOKUP(C6,Monsters!$T$4:$AH$15,8,FALSE),0))=0,0.35,IFERROR(VLOOKUP(C6,Monsters!$T$4:$AH$15,8,FALSE),0))/(1+0.08*AK5)),1)),('Rules & Formulas'!B4*N5*('Rules & Formulas'!B5+O5)*IFERROR(VLOOKUP(C6,Monsters!$T$4:$AH$15,10,FALSE),0)*IFERROR(VLOOKUP(C6,Monsters!$T$4:$AH$15,9,FALSE),0))*(MIN(IF(B6="Go AFK",IF(D6="",0,D6),0),Z5/60)*60)),0))*(IFERROR(VLOOKUP(C6,Monsters!$T$4:$AH$15,3,FALSE),0))*(1+0.1*AH5)+(IF(OR(B6<>"Go AFK",IFERROR(VLOOKUP(C6,Monsters!$T$4:$AH$15,6,FALSE),0)=0),0,FLOOR((IF(B6="Go AFK",MIN(IF((IF((IFERROR(VLOOKUP(C6,Monsters!$T$4:$AH$15,8,FALSE),0))=0,0.35,IFERROR(VLOOKUP(C6,Monsters!$T$4:$AH$15,8,FALSE),0))/(1+0.08*AK5))<=0,999999,FLOOR(MIN(('Rules & Formulas'!B15+25*AJ5),M5+('Rules & Formulas'!B14+0.4*AJ5)*(MIN(IF(B6="Go AFK",IF(D6="",0,D6),0),Z5/60)*60))/(IF((IFERROR(VLOOKUP(C6,Monsters!$T$4:$AH$15,8,FALSE),0))=0,0.35,IFERROR(VLOOKUP(C6,Monsters!$T$4:$AH$15,8,FALSE),0))/(1+0.08*AK5)),1)),('Rules & Formulas'!B4*N5*('Rules & Formulas'!B5+O5)*IFERROR(VLOOKUP(C6,Monsters!$T$4:$AH$15,10,FALSE),0)*IFERROR(VLOOKUP(C6,Monsters!$T$4:$AH$15,9,FALSE),0))*(MIN(IF(B6="Go AFK",IF(D6="",0,D6),0),Z5/60)*60)),0))/MAX(1,IFERROR(VLOOKUP(C6,Monsters!$T$4:$AH$15,6,FALSE),0)),1)))*(IFERROR(VLOOKUP(C6,Monsters!$T$4:$AH$15,7,FALSE),0))*0.5*(1+0.1*AH5),0)+IF(AND((E6="OK"),B6="Fight boss",(IF((((105/'Rules & Formulas'!B10)*'Rules & Formulas'!B11+IF(AD5>=1,(MAX(1,ROUND('Rules & Formulas'!B18*(1+0.3*AE5)*(1+0.4*AF5),0)))*(1000/'Rules & Formulas'!B19)*MIN(0.95,'Rules & Formulas'!B20*SQRT(1+0.55*(AG5>=1))),0)))<=0,9999,(IFERROR(VLOOKUP(C6,Monsters!$T$4:$AH$15,2,FALSE),0))/(((105/'Rules & Formulas'!B10)*'Rules & Formulas'!B11+IF(AD5>=1,(MAX(1,ROUND('Rules & Formulas'!B18*(1+0.3*AE5)*(1+0.4*AF5),0)))*(1000/'Rules & Formulas'!B19)*MIN(0.95,'Rules & Formulas'!B20*SQRT(1+0.55*(AG5>=1))),0))))<='Rules & Formulas'!B12)),IFERROR(VLOOKUP(C6,Monsters!$T$4:$AH$15,3,FALSE),0),0)-IF(AND((E6="OK"),OR(B6="Buy upgrade",B6="Forge/Scrapwork buy"),IFERROR(VLOOKUP(C6,Upgrades!$N$4:$T$47,2,FALSE),0)="gold"),IFERROR(FLOOR(IFERROR(VLOOKUP(C6,Upgrades!$N$4:$T$47,3,FALSE),0)*(IFERROR(VLOOKUP(C6,Upgrades!$N$4:$T$47,4,FALSE),0)^(COUNTIFS($B$3:$B5,"Buy upgrade",$C$3:$C5,C6)+COUNTIFS($B$3:$B5,"Hire hunter",$C$3:$C5,C6)+COUNTIFS($B$3:$B5,"Forge/Scrapwork buy",$C$3:$C5,C6))),1),0),0)-IF(AND((E6="OK"),B6="Hire hunter"),IF(C6="Briar",140,IF(C6="Quill",3650,IF(C6="Moss",4850,IF(C6="Ember",12200,0)))),0)) | I6: =IF(AND((E6="OK"),B6="Fight boss",(IF((((105/'Rules & Formulas'!B10)*'Rules & Formulas'!B11+IF(AD5>=1,(MAX(1,ROUND('Rules & Formulas'!B18*(1+0.3*AE5)*(1+0.4*AF5),0)))*(1000/'Rules & Formulas'!B19)*MIN(0.95,'Rules & Formulas'!B20*SQRT(1+0.55*(AG5>=1))),0)))<=0,9999,(IFERROR(VLOOKUP(C6,Monsters!$T$4:$AH$15,2,FALSE),0))/(((105/'Rules & Formulas'!B10)*'Rules & Formulas'!B11+IF(AD5>=1,(MAX(1,ROUND('Rules & Formulas'!B18*(1+0.3*AE5)*(1+0.4*AF5),0)))*(1000/'Rules & Formulas'!B19)*MIN(0.95,'Rules & Formulas'!B20*SQRT(1+0.55*(AG5>=1))),0))))<='Rules & Formulas'!B12)),0,MIN(IF(G5<=1,120,IF(G5=2,280,600)),I5+IF(AND((E6="OK"),B6="Hunt"),((IF(B6="Hunt",(('Rules & Formulas'!B4*N5*('Rules & Formulas'!B5+O5)*IFERROR(VLOOKUP(C6,Monsters!$T$4:$AH$15,10,FALSE),0)*IFERROR(VLOOKUP(C6,Monsters!$T$4:$AH$15,9,FALSE),0))*'Rules & Formulas'!B6)*IF(D6="",0,D6),0))*(IFERROR(VLOOKUP(C6,Monsters!$T$4:$AH$15,4,FALSE),0))+(IF(OR(B6<>"Hunt",IFERROR(VLOOKUP(C6,Monsters!$T$4:$AH$15,6,FALSE),0)=0),0,FLOOR((IF(B6="Hunt",(('Rules & Formulas'!B4*N5*('Rules & Formulas'!B5+O5)*IFERROR(VLOOKUP(C6,Monsters!$T$4:$AH$15,10,FALSE),0)*IFERROR(VLOOKUP(C6,Monsters!$T$4:$AH$15,9,FALSE),0))*'Rules & Formulas'!B6)*IF(D6="",0,D6),0))/MAX(1,IFERROR(VLOOKUP(C6,Monsters!$T$4:$AH$15,6,FALSE),0)),1)))*(IFERROR(VLOOKUP(C6,Monsters!$T$4:$AH$15,7,FALSE),0))),0)+IF(AND((E6="OK"),B6="Go AFK"),((IF(B6="Go AFK",MIN(IF((IF((IFERROR(VLOOKUP(C6,Monsters!$T$4:$AH$15,8,FALSE),0))=0,0.35,IFERROR(VLOOKUP(C6,Monsters!$T$4:$AH$15,8,FALSE),0))/(1+0.08*AK5))<=0,999999,FLOOR(MIN(('Rules & Formulas'!B15+25*AJ5),M5+('Rules & Formulas'!B14+0.4*AJ5)*(MIN(IF(B6="Go AFK",IF(D6="",0,D6),0),Z5/60)*60))/(IF((IFERROR(VLOOKUP(C6,Monsters!$T$4:$AH$15,8,FALSE),0))=0,0.35,IFERROR(VLOOKUP(C6,Monsters!$T$4:$AH$15,8,FALSE),0))/(1+0.08*AK5)),1)),('Rules & Formulas'!B4*N5*('Rules & Formulas'!B5+O5)*IFERROR(VLOOKUP(C6,Monsters!$T$4:$AH$15,10,FALSE),0)*IFERROR(VLOOKUP(C6,Monsters!$T$4:$AH$15,9,FALSE),0))*(MIN(IF(B6="Go AFK",IF(D6="",0,D6),0),Z5/60)*60)),0))*(IFERROR(VLOOKUP(C6,Monsters!$T$4:$AH$15,4,FALSE),0))+(IF(OR(B6<>"Go AFK",IFERROR(VLOOKUP(C6,Monsters!$T$4:$AH$15,6,FALSE),0)=0),0,FLOOR((IF(B6="Go AFK",MIN(IF((IF((IFERROR(VLOOKUP(C6,Monsters!$T$4:$AH$15,8,FALSE),0))=0,0.35,IFERROR(VLOOKUP(C6,Monsters!$T$4:$AH$15,8,FALSE),0))/(1+0.08*AK5))<=0,999999,FLOOR(MIN(('Rules & Formulas'!B15+25*AJ5),M5+('Rules & Formulas'!B14+0.4*AJ5)*(MIN(IF(B6="Go AFK",IF(D6="",0,D6),0),Z5/60)*60))/(IF((IFERROR(VLOOKUP(C6,Monsters!$T$4:$AH$15,8,FALSE),0))=0,0.35,IFERROR(VLOOKUP(C6,Monsters!$T$4:$AH$15,8,FALSE),0))/(1+0.08*AK5)),1)),('Rules & Formulas'!B4*N5*('Rules & Formulas'!B5+O5)*IFERROR(VLOOKUP(C6,Monsters!$T$4:$AH$15,10,FALSE),0)*IFERROR(VLOOKUP(C6,Monsters!$T$4:$AH$15,9,FALSE),0))*(MIN(IF(B6="Go AFK",IF(D6="",0,D6),0),Z5/60)*60)),0))/MAX(1,IFERROR(VLOOKUP(C6,Monsters!$T$4:$AH$15,6,FALSE),0)),1)))*(IFERROR(VLOOKUP(C6,Monsters!$T$4:$AH$15,7,FALSE),0))),0))) | J6: =MAX(0,J5+IF(AND((E6="OK"),B6="Hunt"),(IF(B6="Hunt",(('Rules & Formulas'!B4*N5*('Rules & Formulas'!B5+O5)*IFERROR(VLOOKUP(C6,Monsters!$T$4:$AH$15,10,FALSE),0)*IFERROR(VLOOKUP(C6,Monsters!$T$4:$AH$15,9,FALSE),0))*'Rules & Formulas'!B6)*IF(D6="",0,D6),0))*(IFERROR(VLOOKUP(C6,Monsters!$T$4:$AH$15,5,FALSE),0)),0)+IF(AND((E6="OK"),B6="Go AFK"),(IF(B6="Go AFK",MIN(IF((IF((IFERROR(VLOOKUP(C6,Monsters!$T$4:$AH$15,8,FALSE),0))=0,0.35,IFERROR(VLOOKUP(C6,Monsters!$T$4:$AH$15,8,FALSE),0))/(1+0.08*AK5))<=0,999999,FLOOR(MIN(('Rules & Formulas'!B15+25*AJ5),M5+('Rules & Formulas'!B14+0.4*AJ5)*(MIN(IF(B6="Go AFK",IF(D6="",0,D6),0),Z5/60)*60))/(IF((IFERROR(VLOOKUP(C6,Monsters!$T$4:$AH$15,8,FALSE),0))=0,0.35,IFERROR(VLOOKUP(C6,Monsters!$T$4:$AH$15,8,FALSE),0))/(1+0.08*AK5)),1)),('Rules & Formulas'!B4*N5*('Rules & Formulas'!B5+O5)*IFERROR(VLOOKUP(C6,Monsters!$T$4:$AH$15,10,FALSE),0)*IFERROR(VLOOKUP(C6,Monsters!$T$4:$AH$15,9,FALSE),0))*(MIN(IF(B6="Go AFK",IF(D6="",0,D6),0),Z5/60)*60)),0))*(IFERROR(VLOOKUP(C6,Monsters!$T$4:$AH$15,5,FALSE),0)),0)-IF(AND((E6="OK"),OR(B6="Buy upgrade",B6="Forge/Scrapwork buy"),IFERROR(VLOOKUP(C6,Upgrades!$N$4:$T$47,2,FALSE),0)="scraps"),IFERROR(FLOOR(IFERROR(VLOOKUP(C6,Upgrades!$N$4:$T$47,3,FALSE),0)*(IFERROR(VLOOKUP(C6,Upgrades!$N$4:$T$47,4,FALSE),0)^(COUNTIFS($B$3:$B5,"Buy upgrade",$C$3:$C5,C6)+COUNTIFS($B$3:$B5,"Hire hunter",$C$3:$C5,C6)+COUNTIFS($B$3:$B5,"Forge/Scrapwork buy",$C$3:$C5,C6))),1),0),0)) | K6: =MAX(0,K5+IF(AND((E6="OK"),B6="Hunt"),IF(C6="Thornpelt Bear",(IF(B6="Hunt",(('Rules & Formulas'!B4*N5*('Rules & Formulas'!B5+O5)*IFERROR(VLOOKUP(C6,Monsters!$T$4:$AH$15,10,FALSE),0)*IFERROR(VLOOKUP(C6,Monsters!$T$4:$AH$15,9,FALSE),0))*'Rules & Formulas'!B6)*IF(D6="",0,D6),0))*0.12,0),0)+IF(AND((E6="OK"),B6="Go AFK"),IF(C6="Thornpelt Bear",(IF(B6="Go AFK",MIN(IF((IF((IFERROR(VLOOKUP(C6,Monsters!$T$4:$AH$15,8,FALSE),0))=0,0.35,IFERROR(VLOOKUP(C6,Monsters!$T$4:$AH$15,8,FALSE),0))/(1+0.08*AK5))<=0,999999,FLOOR(MIN(('Rules & Formulas'!B15+25*AJ5),M5+('Rules & Formulas'!B14+0.4*AJ5)*(MIN(IF(B6="Go AFK",IF(D6="",0,D6),0),Z5/60)*60))/(IF((IFERROR(VLOOKUP(C6,Monsters!$T$4:$AH$15,8,FALSE),0))=0,0.35,IFERROR(VLOOKUP(C6,Monsters!$T$4:$AH$15,8,FALSE),0))/(1+0.08*AK5)),1)),('Rules & Formulas'!B4*N5*('Rules & Formulas'!B5+O5)*IFERROR(VLOOKUP(C6,Monsters!$T$4:$AH$15,10,FALSE),0)*IFERROR(VLOOKUP(C6,Monsters!$T$4:$AH$15,9,FALSE),0))*(MIN(IF(B6="Go AFK",IF(D6="",0,D6),0),Z5/60)*60)),0))*0.12,0),0)) | L6: =MAX(0,L5+IF(AND((E6="OK"),B6="Hunt"),IF(C6="Dire Thornpelt",(IF(B6="Hunt",(('Rules & Formulas'!B4*N5*('Rules & Formulas'!B5+O5)*IFERROR(VLOOKUP(C6,Monsters!$T$4:$AH$15,10,FALSE),0)*IFERROR(VLOOKUP(C6,Monsters!$T$4:$AH$15,9,FALSE),0))*'Rules & Formulas'!B6)*IF(D6="",0,D6),0))*0.1,0),0)+IF(AND((E6="OK"),B6="Go AFK"),IF(C6="Dire Thornpelt",(IF(B6="Go AFK",MIN(IF((IF((IFERROR(VLOOKUP(C6,Monsters!$T$4:$AH$15,8,FALSE),0))=0,0.35,IFERROR(VLOOKUP(C6,Monsters!$T$4:$AH$15,8,FALSE),0))/(1+0.08*AK5))<=0,999999,FLOOR(MIN(('Rules & Formulas'!B15+25*AJ5),M5+('Rules & Formulas'!B14+0.4*AJ5)*(MIN(IF(B6="Go AFK",IF(D6="",0,D6),0),Z5/60)*60))/(IF((IFERROR(VLOOKUP(C6,Monsters!$T$4:$AH$15,8,FALSE),0))=0,0.35,IFERROR(VLOOKUP(C6,Monsters!$T$4:$AH$15,8,FALSE),0))/(1+0.08*AK5)),1)),('Rules & Formulas'!B4*N5*('Rules & Formulas'!B5+O5)*IFERROR(VLOOKUP(C6,Monsters!$T$4:$AH$15,10,FALSE),0)*IFERROR(VLOOKUP(C6,Monsters!$T$4:$AH$15,9,FALSE),0))*(MIN(IF(B6="Go AFK",IF(D6="",0,D6),0),Z5/60)*60)),0))*0.1,0),0)) | M6: =IF(AND((E6="OK"),B6="Go AFK"),MAX(0,MIN(('Rules & Formulas'!B15+25*AJ5),M5+('Rules & Formulas'!B14+0.4*AJ5)*(MIN(IF(B6="Go AFK",IF(D6="",0,D6),0),Z5/60)*60))-(IF(B6="Go AFK",MIN(IF((IF((IFERROR(VLOOKUP(C6,Monsters!$T$4:$AH$15,8,FALSE),0))=0,0.35,IFERROR(VLOOKUP(C6,Monsters!$T$4:$AH$15,8,FALSE),0))/(1+0.08*AK5))<=0,999999,FLOOR(MIN(('Rules & Formulas'!B15+25*AJ5),M5+('Rules & Formulas'!B14+0.4*AJ5)*(MIN(IF(B6="Go AFK",IF(D6="",0,D6),0),Z5/60)*60))/(IF((IFERROR(VLOOKUP(C6,Monsters!$T$4:$AH$15,8,FALSE),0))=0,0.35,IFERROR(VLOOKUP(C6,Monsters!$T$4:$AH$15,8,FALSE),0))/(1+0.08*AK5)),1)),('Rules & Formulas'!B4*N5*('Rules & Formulas'!B5+O5)*IFERROR(VLOOKUP(C6,Monsters!$T$4:$AH$15,10,FALSE),0)*IFERROR(VLOOKUP(C6,Monsters!$T$4:$AH$15,9,FALSE),0))*(MIN(IF(B6="Go AFK",IF(D6="",0,D6),0),Z5/60)*60)),0))*(IF((IFERROR(VLOOKUP(C6,Monsters!$T$4:$AH$15,8,FALSE),0))=0,0.35,IFERROR(VLOOKUP(C6,Monsters!$T$4:$AH$15,8,FALSE),0))/(1+0.08*AK5))),MIN(('Rules & Formulas'!B15+25*AJ6),M5)) | N6: =(1+0.08+0.12*AA6+0.12*AB6+0.16*AC6) | O6: =((AD6>=1)*1*(1+0.3*AE6)) | P6: =IF(OR(B6="Hunt",B6="Go AFK"),(('Rules & Formulas'!B4*N5*('Rules & Formulas'!B5+O5)*IFERROR(VLOOKUP(C6,Monsters!$T$4:$AH$15,10,FALSE),0)*IFERROR(VLOOKUP(C6,Monsters!$T$4:$AH$15,9,FALSE),0))*'Rules & Formulas'!B6),"") | Q6: =IF(OR(B6="Hunt",B6="Go AFK"),('Rules & Formulas'!B4*N5*('Rules & Formulas'!B5+O5)*IFERROR(VLOOKUP(C6,Monsters!$T$4:$AH$15,10,FALSE),0)*IFERROR(VLOOKUP(C6,Monsters!$T$4:$AH$15,9,FALSE),0)),"") | R6: =IF(AND((E6="OK"),B6="Hunt"),IF(B6="Hunt",(('Rules & Formulas'!B4*N5*('Rules & Formulas'!B5+O5)*IFERROR(VLOOKUP(C6,Monsters!$T$4:$AH$15,10,FALSE),0)*IFERROR(VLOOKUP(C6,Monsters!$T$4:$AH$15,9,FALSE),0))*'Rules & Formulas'!B6)*IF(D6="",0,D6),0),IF(AND((E6="OK"),B6="Go AFK"),IF(B6="Go AFK",MIN(IF((IF((IFERROR(VLOOKUP(C6,Monsters!$T$4:$AH$15,8,FALSE),0))=0,0.35,IFERROR(VLOOKUP(C6,Monsters!$T$4:$AH$15,8,FALSE),0))/(1+0.08*AK5))<=0,999999,FLOOR(MIN(('Rules & Formulas'!B15+25*AJ5),M5+('Rules & Formulas'!B14+0.4*AJ5)*(MIN(IF(B6="Go AFK",IF(D6="",0,D6),0),Z5/60)*60))/(IF((IFERROR(VLOOKUP(C6,Monsters!$T$4:$AH$15,8,FALSE),0))=0,0.35,IFERROR(VLOOKUP(C6,Monsters!$T$4:$AH$15,8,FALSE),0))/(1+0.08*AK5)),1)),('Rules & Formulas'!B4*N5*('Rules & Formulas'!B5+O5)*IFERROR(VLOOKUP(C6,Monsters!$T$4:$AH$15,10,FALSE),0)*IFERROR(VLOOKUP(C6,Monsters!$T$4:$AH$15,9,FALSE),0))*(MIN(IF(B6="Go AFK",IF(D6="",0,D6),0),Z5/60)*60)),0),0)) | S6: =(105/'Rules & Formulas'!B10)*'Rules & Formulas'!B11 | T6: =IF(AD5>=1,(MAX(1,ROUND('Rules & Formulas'!B18*(1+0.3*AE5)*(1+0.4*AF5),0)))*(1000/'Rules & Formulas'!B19)*MIN(0.95,'Rules & Formulas'!B20*SQRT(1+0.55*(AG5>=1))),0) | U6: =S6+T6 | V6: =IF(I5>=IF((IFERROR(VLOOKUP(C6,Monsters!$T$4:$AH$15,15,FALSE),0))=0,120,IFERROR(VLOOKUP(C6,Monsters!$T$4:$AH$15,15,FALSE),0)),"YES","no") | W6: =IF(AND(B6="Fight boss",E6="OK"),IF((((105/'Rules & Formulas'!B10)*'Rules & Formulas'!B11+IF(AD5>=1,(MAX(1,ROUND('Rules & Formulas'!B18*(1+0.3*AE5)*(1+0.4*AF5),0)))*(1000/'Rules & Formulas'!B19)*MIN(0.95,'Rules & Formulas'!B20*SQRT(1+0.55*(AG5>=1))),0)))<=0,9999,(IFERROR(VLOOKUP(C6,Monsters!$T$4:$AH$15,2,FALSE),0))/(((105/'Rules & Formulas'!B10)*'Rules & Formulas'!B11+IF(AD5>=1,(MAX(1,ROUND('Rules & Formulas'!B18*(1+0.3*AE5)*(1+0.4*AF5),0)))*(1000/'Rules & Formulas'!B19)*MIN(0.95,'Rules & Formulas'!B20*SQRT(1+0.55*(AG5>=1))),0)))),"") | X6: =IF(AND(B6="Fight boss",E6="OK"),IF((IF((((105/'Rules & Formulas'!B10)*'Rules & Formulas'!B11+IF(AD5>=1,(MAX(1,ROUND('Rules & Formulas'!B18*(1+0.3*AE5)*(1+0.4*AF5),0)))*(1000/'Rules & Formulas'!B19)*MIN(0.95,'Rules & Formulas'!B20*SQRT(1+0.55*(AG5>=1))),0)))<=0,9999,(IFERROR(VLOOKUP(C6,Monsters!$T$4:$AH$15,2,FALSE),0))/(((105/'Rules & Formulas'!B10)*'Rules & Formulas'!B11+IF(AD5>=1,(MAX(1,ROUND('Rules & Formulas'!B18*(1+0.3*AE5)*(1+0.4*AF5),0)))*(1000/'Rules & Formulas'!B19)*MIN(0.95,'Rules & Formulas'!B20*SQRT(1+0.55*(AG5>=1))),0))))<='Rules & Formulas'!B12),"WIN","LOSE"),"") | Y6: =IF(B6="Go AFK",MIN(IF(B6="Go AFK",IF(D6="",0,D6),0),Z5/60),"") | Z6: =('Rules & Formulas'!B13+30*AI6) | AA6: =COUNTIFS($B$3:$B6,"Buy upgrade",$C$3:$C6,"Idle Power") | AB6: =COUNTIFS($B$3:$B6,"Buy upgrade",$C$3:$C6,"Iron Blade") | AC6: =COUNTIFS($B$3:$B6,"Buy upgrade",$C$3:$C6,"Steel Blade") | AD6: =COUNTIFS($B$3:$B6,"Hire hunter",$C$3:$C6,"Briar")+COUNTIFS($B$3:$B6,"Buy upgrade",$C$3:$C6,"Hire Briar") | AE6: =COUNTIFS($B$3:$B6,"Buy upgrade",$C$3:$C6,"Hunter Power") | AF6: =COUNTIFS($B$3:$B6,"Buy upgrade",$C$3:$C6,"Bigger Hits") | AG6: =COUNTIFS($B$3:$B6,"Buy upgrade",$C$3:$C6,"Swift Walk") | AH6: =COUNTIFS($B$3:$B6,"Buy upgrade",$C$3:$C6,"Loot Luck") | AI6: =COUNTIFS($B$3:$B6,"Buy upgrade",$C$3:$C6,"Offline Cap") | AJ6: =COUNTIFS($B$3:$B6,"Buy upgrade",$C$3:$C6,"Bigger Food Stock") | AK6: =COUNTIFS($B$3:$B6,"Buy upgrade",$C$3:$C6,"Food Efficiency")
A7: 5 | B7: Buy upgrade | C7: Loot Luck | E7: =IF(B7="","",IF(OR(B7="Hunt",B7="Go AFK"),IF(C7="","Can't","OK"),IF(B7="Fight boss",IF(I6<IF((IFERROR(VLOOKUP(C7,Monsters!$T$4:$AH$15,15,FALSE),0))=0,120,IFERROR(VLOOKUP(C7,Monsters!$T$4:$AH$15,15,FALSE),0)),"Can't","OK"),IF(B7="Hire hunter",IF(AND(C7="Briar",AD6>=1),"Can't",IF(H6<IF(C7="Briar",140,IF(C7="Quill",3650,IF(C7="Moss",4850,IF(C7="Ember",12200,0)))),"Can't","OK")),IF(OR(B7="Buy upgrade",B7="Forge/Scrapwork buy"),IF(IFERROR(VLOOKUP(C7,Upgrades!$N$4:$T$47,2,FALSE),0)="points","Can't",IF(IFERROR(VLOOKUP(C7,Upgrades!$N$4:$T$47,2,FALSE),0)="gold",IF(H6<IFERROR(FLOOR(IFERROR(VLOOKUP(C7,Upgrades!$N$4:$T$47,3,FALSE),0)*(IFERROR(VLOOKUP(C7,Upgrades!$N$4:$T$47,4,FALSE),0)^(COUNTIFS($B$3:$B6,"Buy upgrade",$C$3:$C6,C7)+COUNTIFS($B$3:$B6,"Hire hunter",$C$3:$C6,C7)+COUNTIFS($B$3:$B6,"Forge/Scrapwork buy",$C$3:$C6,C7))),1),0),"Can't","OK"),IF(IFERROR(VLOOKUP(C7,Upgrades!$N$4:$T$47,2,FALSE),0)="scraps",IF(J6<IFERROR(FLOOR(IFERROR(VLOOKUP(C7,Upgrades!$N$4:$T$47,3,FALSE),0)*(IFERROR(VLOOKUP(C7,Upgrades!$N$4:$T$47,4,FALSE),0)^(COUNTIFS($B$3:$B6,"Buy upgrade",$C$3:$C6,C7)+COUNTIFS($B$3:$B6,"Hire hunter",$C$3:$C6,C7)+COUNTIFS($B$3:$B6,"Forge/Scrapwork buy",$C$3:$C6,C7))),1),0),"Can't","OK"),IF(IFERROR(VLOOKUP(C7,Upgrades!$N$4:$T$47,2,FALSE),0)="mats","Can't","OK")))),"Check"))))) | F7: =IF(B7="","",IF(AND(B7="Fight boss",I6<IF((IFERROR(VLOOKUP(C7,Monsters!$T$4:$AH$15,15,FALSE),0))=0,120,IFERROR(VLOOKUP(C7,Monsters!$T$4:$AH$15,15,FALSE),0))),"Can't — need "&TEXT(IF((IFERROR(VLOOKUP(C7,Monsters!$T$4:$AH$15,15,FALSE),0))=0,120,IFERROR(VLOOKUP(C7,Monsters!$T$4:$AH$15,15,FALSE),0))-I6,"0.0")&" more Slayer points on the meter",IF(AND(B7="Hire hunter",C7="Briar",AD6>=1),"Can't — already hired",IF(AND(B7="Hire hunter",H6<IF(C7="Briar",140,IF(C7="Quill",3650,IF(C7="Moss",4850,IF(C7="Ember",12200,0))))),"Can't — need "&TEXT(IF(C7="Briar",140,IF(C7="Quill",3650,IF(C7="Moss",4850,IF(C7="Ember",12200,0))))-H6,"0")&" more gold",IF(AND(OR(B7="Buy upgrade",B7="Forge/Scrapwork buy"),IFERROR(VLOOKUP(C7,Upgrades!$N$4:$T$47,2,FALSE),0)="points"),"Can't — Sp-wallet spends not tracked here",IF(AND(OR(B7="Buy upgrade",B7="Forge/Scrapwork buy"),IFERROR(VLOOKUP(C7,Upgrades!$N$4:$T$47,2,FALSE),0)="gold",H6<IFERROR(FLOOR(IFERROR(VLOOKUP(C7,Upgrades!$N$4:$T$47,3,FALSE),0)*(IFERROR(VLOOKUP(C7,Upgrades!$N$4:$T$47,4,FALSE),0)^(COUNTIFS($B$3:$B6,"Buy upgrade",$C$3:$C6,C7)+COUNTIFS($B$3:$B6,"Hire hunter",$C$3:$C6,C7)+COUNTIFS($B$3:$B6,"Forge/Scrapwork buy",$C$3:$C6,C7))),1),0)),"Can't — need "&TEXT(IFERROR(FLOOR(IFERROR(VLOOKUP(C7,Upgrades!$N$4:$T$47,3,FALSE),0)*(IFERROR(VLOOKUP(C7,Upgrades!$N$4:$T$47,4,FALSE),0)^(COUNTIFS($B$3:$B6,"Buy upgrade",$C$3:$C6,C7)+COUNTIFS($B$3:$B6,"Hire hunter",$C$3:$C6,C7)+COUNTIFS($B$3:$B6,"Forge/Scrapwork buy",$C$3:$C6,C7))),1),0)-H6,"0")&" more gold",IF(AND(OR(B7="Buy upgrade",B7="Forge/Scrapwork buy"),IFERROR(VLOOKUP(C7,Upgrades!$N$4:$T$47,2,FALSE),0)="scraps",J6<IFERROR(FLOOR(IFERROR(VLOOKUP(C7,Upgrades!$N$4:$T$47,3,FALSE),0)*(IFERROR(VLOOKUP(C7,Upgrades!$N$4:$T$47,4,FALSE),0)^(COUNTIFS($B$3:$B6,"Buy upgrade",$C$3:$C6,C7)+COUNTIFS($B$3:$B6,"Hire hunter",$C$3:$C6,C7)+COUNTIFS($B$3:$B6,"Forge/Scrapwork buy",$C$3:$C6,C7))),1),0)),"Can't — need "&TEXT(IFERROR(FLOOR(IFERROR(VLOOKUP(C7,Upgrades!$N$4:$T$47,3,FALSE),0)*(IFERROR(VLOOKUP(C7,Upgrades!$N$4:$T$47,4,FALSE),0)^(COUNTIFS($B$3:$B6,"Buy upgrade",$C$3:$C6,C7)+COUNTIFS($B$3:$B6,"Hire hunter",$C$3:$C6,C7)+COUNTIFS($B$3:$B6,"Forge/Scrapwork buy",$C$3:$C6,C7))),1),0)-J6,"0")&" more scraps",IF(AND(B7="Fight boss",E7="OK",(IF((((105/'Rules & Formulas'!B10)*'Rules & Formulas'!B11+IF(AD6>=1,(MAX(1,ROUND('Rules & Formulas'!B18*(1+0.3*AE6)*(1+0.4*AF6),0)))*(1000/'Rules & Formulas'!B19)*MIN(0.95,'Rules & Formulas'!B20*SQRT(1+0.55*(AG6>=1))),0)))<=0,9999,(IFERROR(VLOOKUP(C7,Monsters!$T$4:$AH$15,2,FALSE),0))/(((105/'Rules & Formulas'!B10)*'Rules & Formulas'!B11+IF(AD6>=1,(MAX(1,ROUND('Rules & Formulas'!B18*(1+0.3*AE6)*(1+0.4*AF6),0)))*(1000/'Rules & Formulas'!B19)*MIN(0.95,'Rules & Formulas'!B20*SQRT(1+0.55*(AG6>=1))),0))))<='Rules & Formulas'!B12)),"WIN — boss down, next Level unlocks",IF(AND(B7="Fight boss",E7="OK"),"LOSE — TTK "&TEXT(IF((((105/'Rules & Formulas'!B10)*'Rules & Formulas'!B11+IF(AD6>=1,(MAX(1,ROUND('Rules & Formulas'!B18*(1+0.3*AE6)*(1+0.4*AF6),0)))*(1000/'Rules & Formulas'!B19)*MIN(0.95,'Rules & Formulas'!B20*SQRT(1+0.55*(AG6>=1))),0)))<=0,9999,(IFERROR(VLOOKUP(C7,Monsters!$T$4:$AH$15,2,FALSE),0))/(((105/'Rules & Formulas'!B10)*'Rules & Formulas'!B11+IF(AD6>=1,(MAX(1,ROUND('Rules & Formulas'!B18*(1+0.3*AE6)*(1+0.4*AF6),0)))*(1000/'Rules & Formulas'!B19)*MIN(0.95,'Rules & Formulas'!B20*SQRT(1+0.55*(AG6>=1))),0)))),"0")&"s > patience "&TEXT('Rules & Formulas'!B12,"0")&"s (leave resets HP)",IF(B7="Go AFK","AFK resolved (see AFK counted h)","Applied"))))))))) | G7: =IF(AND((E7="OK"),B7="Fight boss",(IF((((105/'Rules & Formulas'!B10)*'Rules & Formulas'!B11+IF(AD6>=1,(MAX(1,ROUND('Rules & Formulas'!B18*(1+0.3*AE6)*(1+0.4*AF6),0)))*(1000/'Rules & Formulas'!B19)*MIN(0.95,'Rules & Formulas'!B20*SQRT(1+0.55*(AG6>=1))),0)))<=0,9999,(IFERROR(VLOOKUP(C7,Monsters!$T$4:$AH$15,2,FALSE),0))/(((105/'Rules & Formulas'!B10)*'Rules & Formulas'!B11+IF(AD6>=1,(MAX(1,ROUND('Rules & Formulas'!B18*(1+0.3*AE6)*(1+0.4*AF6),0)))*(1000/'Rules & Formulas'!B19)*MIN(0.95,'Rules & Formulas'!B20*SQRT(1+0.55*(AG6>=1))),0))))<='Rules & Formulas'!B12),C7="Elder Thornpelt"),2,IF(AND((E7="OK"),B7="Fight boss",(IF((((105/'Rules & Formulas'!B10)*'Rules & Formulas'!B11+IF(AD6>=1,(MAX(1,ROUND('Rules & Formulas'!B18*(1+0.3*AE6)*(1+0.4*AF6),0)))*(1000/'Rules & Formulas'!B19)*MIN(0.95,'Rules & Formulas'!B20*SQRT(1+0.55*(AG6>=1))),0)))<=0,9999,(IFERROR(VLOOKUP(C7,Monsters!$T$4:$AH$15,2,FALSE),0))/(((105/'Rules & Formulas'!B10)*'Rules & Formulas'!B11+IF(AD6>=1,(MAX(1,ROUND('Rules & Formulas'!B18*(1+0.3*AE6)*(1+0.4*AF6),0)))*(1000/'Rules & Formulas'!B19)*MIN(0.95,'Rules & Formulas'!B20*SQRT(1+0.55*(AG6>=1))),0))))<='Rules & Formulas'!B12),C7="Ashfang Alpha"),3,G6)) | H7: =MAX(0,H6+IF(AND((E7="OK"),B7="Hunt"),(IF(B7="Hunt",(('Rules & Formulas'!B4*N6*('Rules & Formulas'!B5+O6)*IFERROR(VLOOKUP(C7,Monsters!$T$4:$AH$15,10,FALSE),0)*IFERROR(VLOOKUP(C7,Monsters!$T$4:$AH$15,9,FALSE),0))*'Rules & Formulas'!B6)*IF(D7="",0,D7),0))*(IFERROR(VLOOKUP(C7,Monsters!$T$4:$AH$15,3,FALSE),0))*(1+0.1*AH6)+(IF(OR(B7<>"Hunt",IFERROR(VLOOKUP(C7,Monsters!$T$4:$AH$15,6,FALSE),0)=0),0,FLOOR((IF(B7="Hunt",(('Rules & Formulas'!B4*N6*('Rules & Formulas'!B5+O6)*IFERROR(VLOOKUP(C7,Monsters!$T$4:$AH$15,10,FALSE),0)*IFERROR(VLOOKUP(C7,Monsters!$T$4:$AH$15,9,FALSE),0))*'Rules & Formulas'!B6)*IF(D7="",0,D7),0))/MAX(1,IFERROR(VLOOKUP(C7,Monsters!$T$4:$AH$15,6,FALSE),0)),1)))*(IFERROR(VLOOKUP(C7,Monsters!$T$4:$AH$15,7,FALSE),0))*0.5*(1+0.1*AH6),0)+IF(AND((E7="OK"),B7="Go AFK"),(IF(B7="Go AFK",MIN(IF((IF((IFERROR(VLOOKUP(C7,Monsters!$T$4:$AH$15,8,FALSE),0))=0,0.35,IFERROR(VLOOKUP(C7,Monsters!$T$4:$AH$15,8,FALSE),0))/(1+0.08*AK6))<=0,999999,FLOOR(MIN(('Rules & Formulas'!B15+25*AJ6),M6+('Rules & Formulas'!B14+0.4*AJ6)*(MIN(IF(B7="Go AFK",IF(D7="",0,D7),0),Z6/60)*60))/(IF((IFERROR(VLOOKUP(C7,Monsters!$T$4:$AH$15,8,FALSE),0))=0,0.35,IFERROR(VLOOKUP(C7,Monsters!$T$4:$AH$15,8,FALSE),0))/(1+0.08*AK6)),1)),('Rules & Formulas'!B4*N6*('Rules & Formulas'!B5+O6)*IFERROR(VLOOKUP(C7,Monsters!$T$4:$AH$15,10,FALSE),0)*IFERROR(VLOOKUP(C7,Monsters!$T$4:$AH$15,9,FALSE),0))*(MIN(IF(B7="Go AFK",IF(D7="",0,D7),0),Z6/60)*60)),0))*(IFERROR(VLOOKUP(C7,Monsters!$T$4:$AH$15,3,FALSE),0))*(1+0.1*AH6)+(IF(OR(B7<>"Go AFK",IFERROR(VLOOKUP(C7,Monsters!$T$4:$AH$15,6,FALSE),0)=0),0,FLOOR((IF(B7="Go AFK",MIN(IF((IF((IFERROR(VLOOKUP(C7,Monsters!$T$4:$AH$15,8,FALSE),0))=0,0.35,IFERROR(VLOOKUP(C7,Monsters!$T$4:$AH$15,8,FALSE),0))/(1+0.08*AK6))<=0,999999,FLOOR(MIN(('Rules & Formulas'!B15+25*AJ6),M6+('Rules & Formulas'!B14+0.4*AJ6)*(MIN(IF(B7="Go AFK",IF(D7="",0,D7),0),Z6/60)*60))/(IF((IFERROR(VLOOKUP(C7,Monsters!$T$4:$AH$15,8,FALSE),0))=0,0.35,IFERROR(VLOOKUP(C7,Monsters!$T$4:$AH$15,8,FALSE),0))/(1+0.08*AK6)),1)),('Rules & Formulas'!B4*N6*('Rules & Formulas'!B5+O6)*IFERROR(VLOOKUP(C7,Monsters!$T$4:$AH$15,10,FALSE),0)*IFERROR(VLOOKUP(C7,Monsters!$T$4:$AH$15,9,FALSE),0))*(MIN(IF(B7="Go AFK",IF(D7="",0,D7),0),Z6/60)*60)),0))/MAX(1,IFERROR(VLOOKUP(C7,Monsters!$T$4:$AH$15,6,FALSE),0)),1)))*(IFERROR(VLOOKUP(C7,Monsters!$T$4:$AH$15,7,FALSE),0))*0.5*(1+0.1*AH6),0)+IF(AND((E7="OK"),B7="Fight boss",(IF((((105/'Rules & Formulas'!B10)*'Rules & Formulas'!B11+IF(AD6>=1,(MAX(1,ROUND('Rules & Formulas'!B18*(1+0.3*AE6)*(1+0.4*AF6),0)))*(1000/'Rules & Formulas'!B19)*MIN(0.95,'Rules & Formulas'!B20*SQRT(1+0.55*(AG6>=1))),0)))<=0,9999,(IFERROR(VLOOKUP(C7,Monsters!$T$4:$AH$15,2,FALSE),0))/(((105/'Rules & Formulas'!B10)*'Rules & Formulas'!B11+IF(AD6>=1,(MAX(1,ROUND('Rules & Formulas'!B18*(1+0.3*AE6)*(1+0.4*AF6),0)))*(1000/'Rules & Formulas'!B19)*MIN(0.95,'Rules & Formulas'!B20*SQRT(1+0.55*(AG6>=1))),0))))<='Rules & Formulas'!B12)),IFERROR(VLOOKUP(C7,Monsters!$T$4:$AH$15,3,FALSE),0),0)-IF(AND((E7="OK"),OR(B7="Buy upgrade",B7="Forge/Scrapwork buy"),IFERROR(VLOOKUP(C7,Upgrades!$N$4:$T$47,2,FALSE),0)="gold"),IFERROR(FLOOR(IFERROR(VLOOKUP(C7,Upgrades!$N$4:$T$47,3,FALSE),0)*(IFERROR(VLOOKUP(C7,Upgrades!$N$4:$T$47,4,FALSE),0)^(COUNTIFS($B$3:$B6,"Buy upgrade",$C$3:$C6,C7)+COUNTIFS($B$3:$B6,"Hire hunter",$C$3:$C6,C7)+COUNTIFS($B$3:$B6,"Forge/Scrapwork buy",$C$3:$C6,C7))),1),0),0)-IF(AND((E7="OK"),B7="Hire hunter"),IF(C7="Briar",140,IF(C7="Quill",3650,IF(C7="Moss",4850,IF(C7="Ember",12200,0)))),0)) | I7: =IF(AND((E7="OK"),B7="Fight boss",(IF((((105/'Rules & Formulas'!B10)*'Rules & Formulas'!B11+IF(AD6>=1,(MAX(1,ROUND('Rules & Formulas'!B18*(1+0.3*AE6)*(1+0.4*AF6),0)))*(1000/'Rules & Formulas'!B19)*MIN(0.95,'Rules & Formulas'!B20*SQRT(1+0.55*(AG6>=1))),0)))<=0,9999,(IFERROR(VLOOKUP(C7,Monsters!$T$4:$AH$15,2,FALSE),0))/(((105/'Rules & Formulas'!B10)*'Rules & Formulas'!B11+IF(AD6>=1,(MAX(1,ROUND('Rules & Formulas'!B18*(1+0.3*AE6)*(1+0.4*AF6),0)))*(1000/'Rules & Formulas'!B19)*MIN(0.95,'Rules & Formulas'!B20*SQRT(1+0.55*(AG6>=1))),0))))<='Rules & Formulas'!B12)),0,MIN(IF(G6<=1,120,IF(G6=2,280,600)),I6+IF(AND((E7="OK"),B7="Hunt"),((IF(B7="Hunt",(('Rules & Formulas'!B4*N6*('Rules & Formulas'!B5+O6)*IFERROR(VLOOKUP(C7,Monsters!$T$4:$AH$15,10,FALSE),0)*IFERROR(VLOOKUP(C7,Monsters!$T$4:$AH$15,9,FALSE),0))*'Rules & Formulas'!B6)*IF(D7="",0,D7),0))*(IFERROR(VLOOKUP(C7,Monsters!$T$4:$AH$15,4,FALSE),0))+(IF(OR(B7<>"Hunt",IFERROR(VLOOKUP(C7,Monsters!$T$4:$AH$15,6,FALSE),0)=0),0,FLOOR((IF(B7="Hunt",(('Rules & Formulas'!B4*N6*('Rules & Formulas'!B5+O6)*IFERROR(VLOOKUP(C7,Monsters!$T$4:$AH$15,10,FALSE),0)*IFERROR(VLOOKUP(C7,Monsters!$T$4:$AH$15,9,FALSE),0))*'Rules & Formulas'!B6)*IF(D7="",0,D7),0))/MAX(1,IFERROR(VLOOKUP(C7,Monsters!$T$4:$AH$15,6,FALSE),0)),1)))*(IFERROR(VLOOKUP(C7,Monsters!$T$4:$AH$15,7,FALSE),0))),0)+IF(AND((E7="OK"),B7="Go AFK"),((IF(B7="Go AFK",MIN(IF((IF((IFERROR(VLOOKUP(C7,Monsters!$T$4:$AH$15,8,FALSE),0))=0,0.35,IFERROR(VLOOKUP(C7,Monsters!$T$4:$AH$15,8,FALSE),0))/(1+0.08*AK6))<=0,999999,FLOOR(MIN(('Rules & Formulas'!B15+25*AJ6),M6+('Rules & Formulas'!B14+0.4*AJ6)*(MIN(IF(B7="Go AFK",IF(D7="",0,D7),0),Z6/60)*60))/(IF((IFERROR(VLOOKUP(C7,Monsters!$T$4:$AH$15,8,FALSE),0))=0,0.35,IFERROR(VLOOKUP(C7,Monsters!$T$4:$AH$15,8,FALSE),0))/(1+0.08*AK6)),1)),('Rules & Formulas'!B4*N6*('Rules & Formulas'!B5+O6)*IFERROR(VLOOKUP(C7,Monsters!$T$4:$AH$15,10,FALSE),0)*IFERROR(VLOOKUP(C7,Monsters!$T$4:$AH$15,9,FALSE),0))*(MIN(IF(B7="Go AFK",IF(D7="",0,D7),0),Z6/60)*60)),0))*(IFERROR(VLOOKUP(C7,Monsters!$T$4:$AH$15,4,FALSE),0))+(IF(OR(B7<>"Go AFK",IFERROR(VLOOKUP(C7,Monsters!$T$4:$AH$15,6,FALSE),0)=0),0,FLOOR((IF(B7="Go AFK",MIN(IF((IF((IFERROR(VLOOKUP(C7,Monsters!$T$4:$AH$15,8,FALSE),0))=0,0.35,IFERROR(VLOOKUP(C7,Monsters!$T$4:$AH$15,8,FALSE),0))/(1+0.08*AK6))<=0,999999,FLOOR(MIN(('Rules & Formulas'!B15+25*AJ6),M6+('Rules & Formulas'!B14+0.4*AJ6)*(MIN(IF(B7="Go AFK",IF(D7="",0,D7),0),Z6/60)*60))/(IF((IFERROR(VLOOKUP(C7,Monsters!$T$4:$AH$15,8,FALSE),0))=0,0.35,IFERROR(VLOOKUP(C7,Monsters!$T$4:$AH$15,8,FALSE),0))/(1+0.08*AK6)),1)),('Rules & Formulas'!B4*N6*('Rules & Formulas'!B5+O6)*IFERROR(VLOOKUP(C7,Monsters!$T$4:$AH$15,10,FALSE),0)*IFERROR(VLOOKUP(C7,Monsters!$T$4:$AH$15,9,FALSE),0))*(MIN(IF(B7="Go AFK",IF(D7="",0,D7),0),Z6/60)*60)),0))/MAX(1,IFERROR(VLOOKUP(C7,Monsters!$T$4:$AH$15,6,FALSE),0)),1)))*(IFERROR(VLOOKUP(C7,Monsters!$T$4:$AH$15,7,FALSE),0))),0))) | J7: =MAX(0,J6+IF(AND((E7="OK"),B7="Hunt"),(IF(B7="Hunt",(('Rules & Formulas'!B4*N6*('Rules & Formulas'!B5+O6)*IFERROR(VLOOKUP(C7,Monsters!$T$4:$AH$15,10,FALSE),0)*IFERROR(VLOOKUP(C7,Monsters!$T$4:$AH$15,9,FALSE),0))*'Rules & Formulas'!B6)*IF(D7="",0,D7),0))*(IFERROR(VLOOKUP(C7,Monsters!$T$4:$AH$15,5,FALSE),0)),0)+IF(AND((E7="OK"),B7="Go AFK"),(IF(B7="Go AFK",MIN(IF((IF((IFERROR(VLOOKUP(C7,Monsters!$T$4:$AH$15,8,FALSE),0))=0,0.35,IFERROR(VLOOKUP(C7,Monsters!$T$4:$AH$15,8,FALSE),0))/(1+0.08*AK6))<=0,999999,FLOOR(MIN(('Rules & Formulas'!B15+25*AJ6),M6+('Rules & Formulas'!B14+0.4*AJ6)*(MIN(IF(B7="Go AFK",IF(D7="",0,D7),0),Z6/60)*60))/(IF((IFERROR(VLOOKUP(C7,Monsters!$T$4:$AH$15,8,FALSE),0))=0,0.35,IFERROR(VLOOKUP(C7,Monsters!$T$4:$AH$15,8,FALSE),0))/(1+0.08*AK6)),1)),('Rules & Formulas'!B4*N6*('Rules & Formulas'!B5+O6)*IFERROR(VLOOKUP(C7,Monsters!$T$4:$AH$15,10,FALSE),0)*IFERROR(VLOOKUP(C7,Monsters!$T$4:$AH$15,9,FALSE),0))*(MIN(IF(B7="Go AFK",IF(D7="",0,D7),0),Z6/60)*60)),0))*(IFERROR(VLOOKUP(C7,Monsters!$T$4:$AH$15,5,FALSE),0)),0)-IF(AND((E7="OK"),OR(B7="Buy upgrade",B7="Forge/Scrapwork buy"),IFERROR(VLOOKUP(C7,Upgrades!$N$4:$T$47,2,FALSE),0)="scraps"),IFERROR(FLOOR(IFERROR(VLOOKUP(C7,Upgrades!$N$4:$T$47,3,FALSE),0)*(IFERROR(VLOOKUP(C7,Upgrades!$N$4:$T$47,4,FALSE),0)^(COUNTIFS($B$3:$B6,"Buy upgrade",$C$3:$C6,C7)+COUNTIFS($B$3:$B6,"Hire hunter",$C$3:$C6,C7)+COUNTIFS($B$3:$B6,"Forge/Scrapwork buy",$C$3:$C6,C7))),1),0),0)) | K7: =MAX(0,K6+IF(AND((E7="OK"),B7="Hunt"),IF(C7="Thornpelt Bear",(IF(B7="Hunt",(('Rules & Formulas'!B4*N6*('Rules & Formulas'!B5+O6)*IFERROR(VLOOKUP(C7,Monsters!$T$4:$AH$15,10,FALSE),0)*IFERROR(VLOOKUP(C7,Monsters!$T$4:$AH$15,9,FALSE),0))*'Rules & Formulas'!B6)*IF(D7="",0,D7),0))*0.12,0),0)+IF(AND((E7="OK"),B7="Go AFK"),IF(C7="Thornpelt Bear",(IF(B7="Go AFK",MIN(IF((IF((IFERROR(VLOOKUP(C7,Monsters!$T$4:$AH$15,8,FALSE),0))=0,0.35,IFERROR(VLOOKUP(C7,Monsters!$T$4:$AH$15,8,FALSE),0))/(1+0.08*AK6))<=0,999999,FLOOR(MIN(('Rules & Formulas'!B15+25*AJ6),M6+('Rules & Formulas'!B14+0.4*AJ6)*(MIN(IF(B7="Go AFK",IF(D7="",0,D7),0),Z6/60)*60))/(IF((IFERROR(VLOOKUP(C7,Monsters!$T$4:$AH$15,8,FALSE),0))=0,0.35,IFERROR(VLOOKUP(C7,Monsters!$T$4:$AH$15,8,FALSE),0))/(1+0.08*AK6)),1)),('Rules & Formulas'!B4*N6*('Rules & Formulas'!B5+O6)*IFERROR(VLOOKUP(C7,Monsters!$T$4:$AH$15,10,FALSE),0)*IFERROR(VLOOKUP(C7,Monsters!$T$4:$AH$15,9,FALSE),0))*(MIN(IF(B7="Go AFK",IF(D7="",0,D7),0),Z6/60)*60)),0))*0.12,0),0)) | L7: =MAX(0,L6+IF(AND((E7="OK"),B7="Hunt"),IF(C7="Dire Thornpelt",(IF(B7="Hunt",(('Rules & Formulas'!B4*N6*('Rules & Formulas'!B5+O6)*IFERROR(VLOOKUP(C7,Monsters!$T$4:$AH$15,10,FALSE),0)*IFERROR(VLOOKUP(C7,Monsters!$T$4:$AH$15,9,FALSE),0))*'Rules & Formulas'!B6)*IF(D7="",0,D7),0))*0.1,0),0)+IF(AND((E7="OK"),B7="Go AFK"),IF(C7="Dire Thornpelt",(IF(B7="Go AFK",MIN(IF((IF((IFERROR(VLOOKUP(C7,Monsters!$T$4:$AH$15,8,FALSE),0))=0,0.35,IFERROR(VLOOKUP(C7,Monsters!$T$4:$AH$15,8,FALSE),0))/(1+0.08*AK6))<=0,999999,FLOOR(MIN(('Rules & Formulas'!B15+25*AJ6),M6+('Rules & Formulas'!B14+0.4*AJ6)*(MIN(IF(B7="Go AFK",IF(D7="",0,D7),0),Z6/60)*60))/(IF((IFERROR(VLOOKUP(C7,Monsters!$T$4:$AH$15,8,FALSE),0))=0,0.35,IFERROR(VLOOKUP(C7,Monsters!$T$4:$AH$15,8,FALSE),0))/(1+0.08*AK6)),1)),('Rules & Formulas'!B4*N6*('Rules & Formulas'!B5+O6)*IFERROR(VLOOKUP(C7,Monsters!$T$4:$AH$15,10,FALSE),0)*IFERROR(VLOOKUP(C7,Monsters!$T$4:$AH$15,9,FALSE),0))*(MIN(IF(B7="Go AFK",IF(D7="",0,D7),0),Z6/60)*60)),0))*0.1,0),0)) | M7: =IF(AND((E7="OK"),B7="Go AFK"),MAX(0,MIN(('Rules & Formulas'!B15+25*AJ6),M6+('Rules & Formulas'!B14+0.4*AJ6)*(MIN(IF(B7="Go AFK",IF(D7="",0,D7),0),Z6/60)*60))-(IF(B7="Go AFK",MIN(IF((IF((IFERROR(VLOOKUP(C7,Monsters!$T$4:$AH$15,8,FALSE),0))=0,0.35,IFERROR(VLOOKUP(C7,Monsters!$T$4:$AH$15,8,FALSE),0))/(1+0.08*AK6))<=0,999999,FLOOR(MIN(('Rules & Formulas'!B15+25*AJ6),M6+('Rules & Formulas'!B14+0.4*AJ6)*(MIN(IF(B7="Go AFK",IF(D7="",0,D7),0),Z6/60)*60))/(IF((IFERROR(VLOOKUP(C7,Monsters!$T$4:$AH$15,8,FALSE),0))=0,0.35,IFERROR(VLOOKUP(C7,Monsters!$T$4:$AH$15,8,FALSE),0))/(1+0.08*AK6)),1)),('Rules & Formulas'!B4*N6*('Rules & Formulas'!B5+O6)*IFERROR(VLOOKUP(C7,Monsters!$T$4:$AH$15,10,FALSE),0)*IFERROR(VLOOKUP(C7,Monsters!$T$4:$AH$15,9,FALSE),0))*(MIN(IF(B7="Go AFK",IF(D7="",0,D7),0),Z6/60)*60)),0))*(IF((IFERROR(VLOOKUP(C7,Monsters!$T$4:$AH$15,8,FALSE),0))=0,0.35,IFERROR(VLOOKUP(C7,Monsters!$T$4:$AH$15,8,FALSE),0))/(1+0.08*AK6))),MIN(('Rules & Formulas'!B15+25*AJ7),M6)) | N7: =(1+0.08+0.12*AA7+0.12*AB7+0.16*AC7) | O7: =((AD7>=1)*1*(1+0.3*AE7)) | P7: =IF(OR(B7="Hunt",B7="Go AFK"),(('Rules & Formulas'!B4*N6*('Rules & Formulas'!B5+O6)*IFERROR(VLOOKUP(C7,Monsters!$T$4:$AH$15,10,FALSE),0)*IFERROR(VLOOKUP(C7,Monsters!$T$4:$AH$15,9,FALSE),0))*'Rules & Formulas'!B6),"") | Q7: =IF(OR(B7="Hunt",B7="Go AFK"),('Rules & Formulas'!B4*N6*('Rules & Formulas'!B5+O6)*IFERROR(VLOOKUP(C7,Monsters!$T$4:$AH$15,10,FALSE),0)*IFERROR(VLOOKUP(C7,Monsters!$T$4:$AH$15,9,FALSE),0)),"") | R7: =IF(AND((E7="OK"),B7="Hunt"),IF(B7="Hunt",(('Rules & Formulas'!B4*N6*('Rules & Formulas'!B5+O6)*IFERROR(VLOOKUP(C7,Monsters!$T$4:$AH$15,10,FALSE),0)*IFERROR(VLOOKUP(C7,Monsters!$T$4:$AH$15,9,FALSE),0))*'Rules & Formulas'!B6)*IF(D7="",0,D7),0),IF(AND((E7="OK"),B7="Go AFK"),IF(B7="Go AFK",MIN(IF((IF((IFERROR(VLOOKUP(C7,Monsters!$T$4:$AH$15,8,FALSE),0))=0,0.35,IFERROR(VLOOKUP(C7,Monsters!$T$4:$AH$15,8,FALSE),0))/(1+0.08*AK6))<=0,999999,FLOOR(MIN(('Rules & Formulas'!B15+25*AJ6),M6+('Rules & Formulas'!B14+0.4*AJ6)*(MIN(IF(B7="Go AFK",IF(D7="",0,D7),0),Z6/60)*60))/(IF((IFERROR(VLOOKUP(C7,Monsters!$T$4:$AH$15,8,FALSE),0))=0,0.35,IFERROR(VLOOKUP(C7,Monsters!$T$4:$AH$15,8,FALSE),0))/(1+0.08*AK6)),1)),('Rules & Formulas'!B4*N6*('Rules & Formulas'!B5+O6)*IFERROR(VLOOKUP(C7,Monsters!$T$4:$AH$15,10,FALSE),0)*IFERROR(VLOOKUP(C7,Monsters!$T$4:$AH$15,9,FALSE),0))*(MIN(IF(B7="Go AFK",IF(D7="",0,D7),0),Z6/60)*60)),0),0)) | S7: =(105/'Rules & Formulas'!B10)*'Rules & Formulas'!B11 | T7: =IF(AD6>=1,(MAX(1,ROUND('Rules & Formulas'!B18*(1+0.3*AE6)*(1+0.4*AF6),0)))*(1000/'Rules & Formulas'!B19)*MIN(0.95,'Rules & Formulas'!B20*SQRT(1+0.55*(AG6>=1))),0) | U7: =S7+T7 | V7: =IF(I6>=IF((IFERROR(VLOOKUP(C7,Monsters!$T$4:$AH$15,15,FALSE),0))=0,120,IFERROR(VLOOKUP(C7,Monsters!$T$4:$AH$15,15,FALSE),0)),"YES","no") | W7: =IF(AND(B7="Fight boss",E7="OK"),IF((((105/'Rules & Formulas'!B10)*'Rules & Formulas'!B11+IF(AD6>=1,(MAX(1,ROUND('Rules & Formulas'!B18*(1+0.3*AE6)*(1+0.4*AF6),0)))*(1000/'Rules & Formulas'!B19)*MIN(0.95,'Rules & Formulas'!B20*SQRT(1+0.55*(AG6>=1))),0)))<=0,9999,(IFERROR(VLOOKUP(C7,Monsters!$T$4:$AH$15,2,FALSE),0))/(((105/'Rules & Formulas'!B10)*'Rules & Formulas'!B11+IF(AD6>=1,(MAX(1,ROUND('Rules & Formulas'!B18*(1+0.3*AE6)*(1+0.4*AF6),0)))*(1000/'Rules & Formulas'!B19)*MIN(0.95,'Rules & Formulas'!B20*SQRT(1+0.55*(AG6>=1))),0)))),"") | X7: =IF(AND(B7="Fight boss",E7="OK"),IF((IF((((105/'Rules & Formulas'!B10)*'Rules & Formulas'!B11+IF(AD6>=1,(MAX(1,ROUND('Rules & Formulas'!B18*(1+0.3*AE6)*(1+0.4*AF6),0)))*(1000/'Rules & Formulas'!B19)*MIN(0.95,'Rules & Formulas'!B20*SQRT(1+0.55*(AG6>=1))),0)))<=0,9999,(IFERROR(VLOOKUP(C7,Monsters!$T$4:$AH$15,2,FALSE),0))/(((105/'Rules & Formulas'!B10)*'Rules & Formulas'!B11+IF(AD6>=1,(MAX(1,ROUND('Rules & Formulas'!B18*(1+0.3*AE6)*(1+0.4*AF6),0)))*(1000/'Rules & Formulas'!B19)*MIN(0.95,'Rules & Formulas'!B20*SQRT(1+0.55*(AG6>=1))),0))))<='Rules & Formulas'!B12),"WIN","LOSE"),"") | Y7: =IF(B7="Go AFK",MIN(IF(B7="Go AFK",IF(D7="",0,D7),0),Z6/60),"") | Z7: =('Rules & Formulas'!B13+30*AI7) | AA7: =COUNTIFS($B$3:$B7,"Buy upgrade",$C$3:$C7,"Idle Power") | AB7: =COUNTIFS($B$3:$B7,"Buy upgrade",$C$3:$C7,"Iron Blade") | AC7: =COUNTIFS($B$3:$B7,"Buy upgrade",$C$3:$C7,"Steel Blade") | AD7: =COUNTIFS($B$3:$B7,"Hire hunter",$C$3:$C7,"Briar")+COUNTIFS($B$3:$B7,"Buy upgrade",$C$3:$C7,"Hire Briar") | AE7: =COUNTIFS($B$3:$B7,"Buy upgrade",$C$3:$C7,"Hunter Power") | AF7: =COUNTIFS($B$3:$B7,"Buy upgrade",$C$3:$C7,"Bigger Hits") | AG7: =COUNTIFS($B$3:$B7,"Buy upgrade",$C$3:$C7,"Swift Walk") | AH7: =COUNTIFS($B$3:$B7,"Buy upgrade",$C$3:$C7,"Loot Luck") | AI7: =COUNTIFS($B$3:$B7,"Buy upgrade",$C$3:$C7,"Offline Cap") | AJ7: =COUNTIFS($B$3:$B7,"Buy upgrade",$C$3:$C7,"Bigger Food Stock") | AK7: =COUNTIFS($B$3:$B7,"Buy upgrade",$C$3:$C7,"Food Efficiency")
A8: 6 | B8: Buy upgrade | C8: Bigger Food Stock | E8: =IF(B8="","",IF(OR(B8="Hunt",B8="Go AFK"),IF(C8="","Can't","OK"),IF(B8="Fight boss",IF(I7<IF((IFERROR(VLOOKUP(C8,Monsters!$T$4:$AH$15,15,FALSE),0))=0,120,IFERROR(VLOOKUP(C8,Monsters!$T$4:$AH$15,15,FALSE),0)),"Can't","OK"),IF(B8="Hire hunter",IF(AND(C8="Briar",AD7>=1),"Can't",IF(H7<IF(C8="Briar",140,IF(C8="Quill",3650,IF(C8="Moss",4850,IF(C8="Ember",12200,0)))),"Can't","OK")),IF(OR(B8="Buy upgrade",B8="Forge/Scrapwork buy"),IF(IFERROR(VLOOKUP(C8,Upgrades!$N$4:$T$47,2,FALSE),0)="points","Can't",IF(IFERROR(VLOOKUP(C8,Upgrades!$N$4:$T$47,2,FALSE),0)="gold",IF(H7<IFERROR(FLOOR(IFERROR(VLOOKUP(C8,Upgrades!$N$4:$T$47,3,FALSE),0)*(IFERROR(VLOOKUP(C8,Upgrades!$N$4:$T$47,4,FALSE),0)^(COUNTIFS($B$3:$B7,"Buy upgrade",$C$3:$C7,C8)+COUNTIFS($B$3:$B7,"Hire hunter",$C$3:$C7,C8)+COUNTIFS($B$3:$B7,"Forge/Scrapwork buy",$C$3:$C7,C8))),1),0),"Can't","OK"),IF(IFERROR(VLOOKUP(C8,Upgrades!$N$4:$T$47,2,FALSE),0)="scraps",IF(J7<IFERROR(FLOOR(IFERROR(VLOOKUP(C8,Upgrades!$N$4:$T$47,3,FALSE),0)*(IFERROR(VLOOKUP(C8,Upgrades!$N$4:$T$47,4,FALSE),0)^(COUNTIFS($B$3:$B7,"Buy upgrade",$C$3:$C7,C8)+COUNTIFS($B$3:$B7,"Hire hunter",$C$3:$C7,C8)+COUNTIFS($B$3:$B7,"Forge/Scrapwork buy",$C$3:$C7,C8))),1),0),"Can't","OK"),IF(IFERROR(VLOOKUP(C8,Upgrades!$N$4:$T$47,2,FALSE),0)="mats","Can't","OK")))),"Check"))))) | F8: =IF(B8="","",IF(AND(B8="Fight boss",I7<IF((IFERROR(VLOOKUP(C8,Monsters!$T$4:$AH$15,15,FALSE),0))=0,120,IFERROR(VLOOKUP(C8,Monsters!$T$4:$AH$15,15,FALSE),0))),"Can't — need "&TEXT(IF((IFERROR(VLOOKUP(C8,Monsters!$T$4:$AH$15,15,FALSE),0))=0,120,IFERROR(VLOOKUP(C8,Monsters!$T$4:$AH$15,15,FALSE),0))-I7,"0.0")&" more Slayer points on the meter",IF(AND(B8="Hire hunter",C8="Briar",AD7>=1),"Can't — already hired",IF(AND(B8="Hire hunter",H7<IF(C8="Briar",140,IF(C8="Quill",3650,IF(C8="Moss",4850,IF(C8="Ember",12200,0))))),"Can't — need "&TEXT(IF(C8="Briar",140,IF(C8="Quill",3650,IF(C8="Moss",4850,IF(C8="Ember",12200,0))))-H7,"0")&" more gold",IF(AND(OR(B8="Buy upgrade",B8="Forge/Scrapwork buy"),IFERROR(VLOOKUP(C8,Upgrades!$N$4:$T$47,2,FALSE),0)="points"),"Can't — Sp-wallet spends not tracked here",IF(AND(OR(B8="Buy upgrade",B8="Forge/Scrapwork buy"),IFERROR(VLOOKUP(C8,Upgrades!$N$4:$T$47,2,FALSE),0)="gold",H7<IFERROR(FLOOR(IFERROR(VLOOKUP(C8,Upgrades!$N$4:$T$47,3,FALSE),0)*(IFERROR(VLOOKUP(C8,Upgrades!$N$4:$T$47,4,FALSE),0)^(COUNTIFS($B$3:$B7,"Buy upgrade",$C$3:$C7,C8)+COUNTIFS($B$3:$B7,"Hire hunter",$C$3:$C7,C8)+COUNTIFS($B$3:$B7,"Forge/Scrapwork buy",$C$3:$C7,C8))),1),0)),"Can't — need "&TEXT(IFERROR(FLOOR(IFERROR(VLOOKUP(C8,Upgrades!$N$4:$T$47,3,FALSE),0)*(IFERROR(VLOOKUP(C8,Upgrades!$N$4:$T$47,4,FALSE),0)^(COUNTIFS($B$3:$B7,"Buy upgrade",$C$3:$C7,C8)+COUNTIFS($B$3:$B7,"Hire hunter",$C$3:$C7,C8)+COUNTIFS($B$3:$B7,"Forge/Scrapwork buy",$C$3:$C7,C8))),1),0)-H7,"0")&" more gold",IF(AND(OR(B8="Buy upgrade",B8="Forge/Scrapwork buy"),IFERROR(VLOOKUP(C8,Upgrades!$N$4:$T$47,2,FALSE),0)="scraps",J7<IFERROR(FLOOR(IFERROR(VLOOKUP(C8,Upgrades!$N$4:$T$47,3,FALSE),0)*(IFERROR(VLOOKUP(C8,Upgrades!$N$4:$T$47,4,FALSE),0)^(COUNTIFS($B$3:$B7,"Buy upgrade",$C$3:$C7,C8)+COUNTIFS($B$3:$B7,"Hire hunter",$C$3:$C7,C8)+COUNTIFS($B$3:$B7,"Forge/Scrapwork buy",$C$3:$C7,C8))),1),0)),"Can't — need "&TEXT(IFERROR(FLOOR(IFERROR(VLOOKUP(C8,Upgrades!$N$4:$T$47,3,FALSE),0)*(IFERROR(VLOOKUP(C8,Upgrades!$N$4:$T$47,4,FALSE),0)^(COUNTIFS($B$3:$B7,"Buy upgrade",$C$3:$C7,C8)+COUNTIFS($B$3:$B7,"Hire hunter",$C$3:$C7,C8)+COUNTIFS($B$3:$B7,"Forge/Scrapwork buy",$C$3:$C7,C8))),1),0)-J7,"0")&" more scraps",IF(AND(B8="Fight boss",E8="OK",(IF((((105/'Rules & Formulas'!B10)*'Rules & Formulas'!B11+IF(AD7>=1,(MAX(1,ROUND('Rules & Formulas'!B18*(1+0.3*AE7)*(1+0.4*AF7),0)))*(1000/'Rules & Formulas'!B19)*MIN(0.95,'Rules & Formulas'!B20*SQRT(1+0.55*(AG7>=1))),0)))<=0,9999,(IFERROR(VLOOKUP(C8,Monsters!$T$4:$AH$15,2,FALSE),0))/(((105/'Rules & Formulas'!B10)*'Rules & Formulas'!B11+IF(AD7>=1,(MAX(1,ROUND('Rules & Formulas'!B18*(1+0.3*AE7)*(1+0.4*AF7),0)))*(1000/'Rules & Formulas'!B19)*MIN(0.95,'Rules & Formulas'!B20*SQRT(1+0.55*(AG7>=1))),0))))<='Rules & Formulas'!B12)),"WIN — boss down, next Level unlocks",IF(AND(B8="Fight boss",E8="OK"),"LOSE — TTK "&TEXT(IF((((105/'Rules & Formulas'!B10)*'Rules & Formulas'!B11+IF(AD7>=1,(MAX(1,ROUND('Rules & Formulas'!B18*(1+0.3*AE7)*(1+0.4*AF7),0)))*(1000/'Rules & Formulas'!B19)*MIN(0.95,'Rules & Formulas'!B20*SQRT(1+0.55*(AG7>=1))),0)))<=0,9999,(IFERROR(VLOOKUP(C8,Monsters!$T$4:$AH$15,2,FALSE),0))/(((105/'Rules & Formulas'!B10)*'Rules & Formulas'!B11+IF(AD7>=1,(MAX(1,ROUND('Rules & Formulas'!B18*(1+0.3*AE7)*(1+0.4*AF7),0)))*(1000/'Rules & Formulas'!B19)*MIN(0.95,'Rules & Formulas'!B20*SQRT(1+0.55*(AG7>=1))),0)))),"0")&"s > patience "&TEXT('Rules & Formulas'!B12,"0")&"s (leave resets HP)",IF(B8="Go AFK","AFK resolved (see AFK counted h)","Applied"))))))))) | G8: =IF(AND((E8="OK"),B8="Fight boss",(IF((((105/'Rules & Formulas'!B10)*'Rules & Formulas'!B11+IF(AD7>=1,(MAX(1,ROUND('Rules & Formulas'!B18*(1+0.3*AE7)*(1+0.4*AF7),0)))*(1000/'Rules & Formulas'!B19)*MIN(0.95,'Rules & Formulas'!B20*SQRT(1+0.55*(AG7>=1))),0)))<=0,9999,(IFERROR(VLOOKUP(C8,Monsters!$T$4:$AH$15,2,FALSE),0))/(((105/'Rules & Formulas'!B10)*'Rules & Formulas'!B11+IF(AD7>=1,(MAX(1,ROUND('Rules & Formulas'!B18*(1+0.3*AE7)*(1+0.4*AF7),0)))*(1000/'Rules & Formulas'!B19)*MIN(0.95,'Rules & Formulas'!B20*SQRT(1+0.55*(AG7>=1))),0))))<='Rules & Formulas'!B12),C8="Elder Thornpelt"),2,IF(AND((E8="OK"),B8="Fight boss",(IF((((105/'Rules & Formulas'!B10)*'Rules & Formulas'!B11+IF(AD7>=1,(MAX(1,ROUND('Rules & Formulas'!B18*(1+0.3*AE7)*(1+0.4*AF7),0)))*(1000/'Rules & Formulas'!B19)*MIN(0.95,'Rules & Formulas'!B20*SQRT(1+0.55*(AG7>=1))),0)))<=0,9999,(IFERROR(VLOOKUP(C8,Monsters!$T$4:$AH$15,2,FALSE),0))/(((105/'Rules & Formulas'!B10)*'Rules & Formulas'!B11+IF(AD7>=1,(MAX(1,ROUND('Rules & Formulas'!B18*(1+0.3*AE7)*(1+0.4*AF7),0)))*(1000/'Rules & Formulas'!B19)*MIN(0.95,'Rules & Formulas'!B20*SQRT(1+0.55*(AG7>=1))),0))))<='Rules & Formulas'!B12),C8="Ashfang Alpha"),3,G7)) | H8: =MAX(0,H7+IF(AND((E8="OK"),B8="Hunt"),(IF(B8="Hunt",(('Rules & Formulas'!B4*N7*('Rules & Formulas'!B5+O7)*IFERROR(VLOOKUP(C8,Monsters!$T$4:$AH$15,10,FALSE),0)*IFERROR(VLOOKUP(C8,Monsters!$T$4:$AH$15,9,FALSE),0))*'Rules & Formulas'!B6)*IF(D8="",0,D8),0))*(IFERROR(VLOOKUP(C8,Monsters!$T$4:$AH$15,3,FALSE),0))*(1+0.1*AH7)+(IF(OR(B8<>"Hunt",IFERROR(VLOOKUP(C8,Monsters!$T$4:$AH$15,6,FALSE),0)=0),0,FLOOR((IF(B8="Hunt",(('Rules & Formulas'!B4*N7*('Rules & Formulas'!B5+O7)*IFERROR(VLOOKUP(C8,Monsters!$T$4:$AH$15,10,FALSE),0)*IFERROR(VLOOKUP(C8,Monsters!$T$4:$AH$15,9,FALSE),0))*'Rules & Formulas'!B6)*IF(D8="",0,D8),0))/MAX(1,IFERROR(VLOOKUP(C8,Monsters!$T$4:$AH$15,6,FALSE),0)),1)))*(IFERROR(VLOOKUP(C8,Monsters!$T$4:$AH$15,7,FALSE),0))*0.5*(1+0.1*AH7),0)+IF(AND((E8="OK"),B8="Go AFK"),(IF(B8="Go AFK",MIN(IF((IF((IFERROR(VLOOKUP(C8,Monsters!$T$4:$AH$15,8,FALSE),0))=0,0.35,IFERROR(VLOOKUP(C8,Monsters!$T$4:$AH$15,8,FALSE),0))/(1+0.08*AK7))<=0,999999,FLOOR(MIN(('Rules & Formulas'!B15+25*AJ7),M7+('Rules & Formulas'!B14+0.4*AJ7)*(MIN(IF(B8="Go AFK",IF(D8="",0,D8),0),Z7/60)*60))/(IF((IFERROR(VLOOKUP(C8,Monsters!$T$4:$AH$15,8,FALSE),0))=0,0.35,IFERROR(VLOOKUP(C8,Monsters!$T$4:$AH$15,8,FALSE),0))/(1+0.08*AK7)),1)),('Rules & Formulas'!B4*N7*('Rules & Formulas'!B5+O7)*IFERROR(VLOOKUP(C8,Monsters!$T$4:$AH$15,10,FALSE),0)*IFERROR(VLOOKUP(C8,Monsters!$T$4:$AH$15,9,FALSE),0))*(MIN(IF(B8="Go AFK",IF(D8="",0,D8),0),Z7/60)*60)),0))*(IFERROR(VLOOKUP(C8,Monsters!$T$4:$AH$15,3,FALSE),0))*(1+0.1*AH7)+(IF(OR(B8<>"Go AFK",IFERROR(VLOOKUP(C8,Monsters!$T$4:$AH$15,6,FALSE),0)=0),0,FLOOR((IF(B8="Go AFK",MIN(IF((IF((IFERROR(VLOOKUP(C8,Monsters!$T$4:$AH$15,8,FALSE),0))=0,0.35,IFERROR(VLOOKUP(C8,Monsters!$T$4:$AH$15,8,FALSE),0))/(1+0.08*AK7))<=0,999999,FLOOR(MIN(('Rules & Formulas'!B15+25*AJ7),M7+('Rules & Formulas'!B14+0.4*AJ7)*(MIN(IF(B8="Go AFK",IF(D8="",0,D8),0),Z7/60)*60))/(IF((IFERROR(VLOOKUP(C8,Monsters!$T$4:$AH$15,8,FALSE),0))=0,0.35,IFERROR(VLOOKUP(C8,Monsters!$T$4:$AH$15,8,FALSE),0))/(1+0.08*AK7)),1)),('Rules & Formulas'!B4*N7*('Rules & Formulas'!B5+O7)*IFERROR(VLOOKUP(C8,Monsters!$T$4:$AH$15,10,FALSE),0)*IFERROR(VLOOKUP(C8,Monsters!$T$4:$AH$15,9,FALSE),0))*(MIN(IF(B8="Go AFK",IF(D8="",0,D8),0),Z7/60)*60)),0))/MAX(1,IFERROR(VLOOKUP(C8,Monsters!$T$4:$AH$15,6,FALSE),0)),1)))*(IFERROR(VLOOKUP(C8,Monsters!$T$4:$AH$15,7,FALSE),0))*0.5*(1+0.1*AH7),0)+IF(AND((E8="OK"),B8="Fight boss",(IF((((105/'Rules & Formulas'!B10)*'Rules & Formulas'!B11+IF(AD7>=1,(MAX(1,ROUND('Rules & Formulas'!B18*(1+0.3*AE7)*(1+0.4*AF7),0)))*(1000/'Rules & Formulas'!B19)*MIN(0.95,'Rules & Formulas'!B20*SQRT(1+0.55*(AG7>=1))),0)))<=0,9999,(IFERROR(VLOOKUP(C8,Monsters!$T$4:$AH$15,2,FALSE),0))/(((105/'Rules & Formulas'!B10)*'Rules & Formulas'!B11+IF(AD7>=1,(MAX(1,ROUND('Rules & Formulas'!B18*(1+0.3*AE7)*(1+0.4*AF7),0)))*(1000/'Rules & Formulas'!B19)*MIN(0.95,'Rules & Formulas'!B20*SQRT(1+0.55*(AG7>=1))),0))))<='Rules & Formulas'!B12)),IFERROR(VLOOKUP(C8,Monsters!$T$4:$AH$15,3,FALSE),0),0)-IF(AND((E8="OK"),OR(B8="Buy upgrade",B8="Forge/Scrapwork buy"),IFERROR(VLOOKUP(C8,Upgrades!$N$4:$T$47,2,FALSE),0)="gold"),IFERROR(FLOOR(IFERROR(VLOOKUP(C8,Upgrades!$N$4:$T$47,3,FALSE),0)*(IFERROR(VLOOKUP(C8,Upgrades!$N$4:$T$47,4,FALSE),0)^(COUNTIFS($B$3:$B7,"Buy upgrade",$C$3:$C7,C8)+COUNTIFS($B$3:$B7,"Hire hunter",$C$3:$C7,C8)+COUNTIFS($B$3:$B7,"Forge/Scrapwork buy",$C$3:$C7,C8))),1),0),0)-IF(AND((E8="OK"),B8="Hire hunter"),IF(C8="Briar",140,IF(C8="Quill",3650,IF(C8="Moss",4850,IF(C8="Ember",12200,0)))),0)) | I8: =IF(AND((E8="OK"),B8="Fight boss",(IF((((105/'Rules & Formulas'!B10)*'Rules & Formulas'!B11+IF(AD7>=1,(MAX(1,ROUND('Rules & Formulas'!B18*(1+0.3*AE7)*(1+0.4*AF7),0)))*(1000/'Rules & Formulas'!B19)*MIN(0.95,'Rules & Formulas'!B20*SQRT(1+0.55*(AG7>=1))),0)))<=0,9999,(IFERROR(VLOOKUP(C8,Monsters!$T$4:$AH$15,2,FALSE),0))/(((105/'Rules & Formulas'!B10)*'Rules & Formulas'!B11+IF(AD7>=1,(MAX(1,ROUND('Rules & Formulas'!B18*(1+0.3*AE7)*(1+0.4*AF7),0)))*(1000/'Rules & Formulas'!B19)*MIN(0.95,'Rules & Formulas'!B20*SQRT(1+0.55*(AG7>=1))),0))))<='Rules & Formulas'!B12)),0,MIN(IF(G7<=1,120,IF(G7=2,280,600)),I7+IF(AND((E8="OK"),B8="Hunt"),((IF(B8="Hunt",(('Rules & Formulas'!B4*N7*('Rules & Formulas'!B5+O7)*IFERROR(VLOOKUP(C8,Monsters!$T$4:$AH$15,10,FALSE),0)*IFERROR(VLOOKUP(C8,Monsters!$T$4:$AH$15,9,FALSE),0))*'Rules & Formulas'!B6)*IF(D8="",0,D8),0))*(IFERROR(VLOOKUP(C8,Monsters!$T$4:$AH$15,4,FALSE),0))+(IF(OR(B8<>"Hunt",IFERROR(VLOOKUP(C8,Monsters!$T$4:$AH$15,6,FALSE),0)=0),0,FLOOR((IF(B8="Hunt",(('Rules & Formulas'!B4*N7*('Rules & Formulas'!B5+O7)*IFERROR(VLOOKUP(C8,Monsters!$T$4:$AH$15,10,FALSE),0)*IFERROR(VLOOKUP(C8,Monsters!$T$4:$AH$15,9,FALSE),0))*'Rules & Formulas'!B6)*IF(D8="",0,D8),0))/MAX(1,IFERROR(VLOOKUP(C8,Monsters!$T$4:$AH$15,6,FALSE),0)),1)))*(IFERROR(VLOOKUP(C8,Monsters!$T$4:$AH$15,7,FALSE),0))),0)+IF(AND((E8="OK"),B8="Go AFK"),((IF(B8="Go AFK",MIN(IF((IF((IFERROR(VLOOKUP(C8,Monsters!$T$4:$AH$15,8,FALSE),0))=0,0.35,IFERROR(VLOOKUP(C8,Monsters!$T$4:$AH$15,8,FALSE),0))/(1+0.08*AK7))<=0,999999,FLOOR(MIN(('Rules & Formulas'!B15+25*AJ7),M7+('Rules & Formulas'!B14+0.4*AJ7)*(MIN(IF(B8="Go AFK",IF(D8="",0,D8),0),Z7/60)*60))/(IF((IFERROR(VLOOKUP(C8,Monsters!$T$4:$AH$15,8,FALSE),0))=0,0.35,IFERROR(VLOOKUP(C8,Monsters!$T$4:$AH$15,8,FALSE),0))/(1+0.08*AK7)),1)),('Rules & Formulas'!B4*N7*('Rules & Formulas'!B5+O7)*IFERROR(VLOOKUP(C8,Monsters!$T$4:$AH$15,10,FALSE),0)*IFERROR(VLOOKUP(C8,Monsters!$T$4:$AH$15,9,FALSE),0))*(MIN(IF(B8="Go AFK",IF(D8="",0,D8),0),Z7/60)*60)),0))*(IFERROR(VLOOKUP(C8,Monsters!$T$4:$AH$15,4,FALSE),0))+(IF(OR(B8<>"Go AFK",IFERROR(VLOOKUP(C8,Monsters!$T$4:$AH$15,6,FALSE),0)=0),0,FLOOR((IF(B8="Go AFK",MIN(IF((IF((IFERROR(VLOOKUP(C8,Monsters!$T$4:$AH$15,8,FALSE),0))=0,0.35,IFERROR(VLOOKUP(C8,Monsters!$T$4:$AH$15,8,FALSE),0))/(1+0.08*AK7))<=0,999999,FLOOR(MIN(('Rules & Formulas'!B15+25*AJ7),M7+('Rules & Formulas'!B14+0.4*AJ7)*(MIN(IF(B8="Go AFK",IF(D8="",0,D8),0),Z7/60)*60))/(IF((IFERROR(VLOOKUP(C8,Monsters!$T$4:$AH$15,8,FALSE),0))=0,0.35,IFERROR(VLOOKUP(C8,Monsters!$T$4:$AH$15,8,FALSE),0))/(1+0.08*AK7)),1)),('Rules & Formulas'!B4*N7*('Rules & Formulas'!B5+O7)*IFERROR(VLOOKUP(C8,Monsters!$T$4:$AH$15,10,FALSE),0)*IFERROR(VLOOKUP(C8,Monsters!$T$4:$AH$15,9,FALSE),0))*(MIN(IF(B8="Go AFK",IF(D8="",0,D8),0),Z7/60)*60)),0))/MAX(1,IFERROR(VLOOKUP(C8,Monsters!$T$4:$AH$15,6,FALSE),0)),1)))*(IFERROR(VLOOKUP(C8,Monsters!$T$4:$AH$15,7,FALSE),0))),0))) | J8: =MAX(0,J7+IF(AND((E8="OK"),B8="Hunt"),(IF(B8="Hunt",(('Rules & Formulas'!B4*N7*('Rules & Formulas'!B5+O7)*IFERROR(VLOOKUP(C8,Monsters!$T$4:$AH$15,10,FALSE),0)*IFERROR(VLOOKUP(C8,Monsters!$T$4:$AH$15,9,FALSE),0))*'Rules & Formulas'!B6)*IF(D8="",0,D8),0))*(IFERROR(VLOOKUP(C8,Monsters!$T$4:$AH$15,5,FALSE),0)),0)+IF(AND((E8="OK"),B8="Go AFK"),(IF(B8="Go AFK",MIN(IF((IF((IFERROR(VLOOKUP(C8,Monsters!$T$4:$AH$15,8,FALSE),0))=0,0.35,IFERROR(VLOOKUP(C8,Monsters!$T$4:$AH$15,8,FALSE),0))/(1+0.08*AK7))<=0,999999,FLOOR(MIN(('Rules & Formulas'!B15+25*AJ7),M7+('Rules & Formulas'!B14+0.4*AJ7)*(MIN(IF(B8="Go AFK",IF(D8="",0,D8),0),Z7/60)*60))/(IF((IFERROR(VLOOKUP(C8,Monsters!$T$4:$AH$15,8,FALSE),0))=0,0.35,IFERROR(VLOOKUP(C8,Monsters!$T$4:$AH$15,8,FALSE),0))/(1+0.08*AK7)),1)),('Rules & Formulas'!B4*N7*('Rules & Formulas'!B5+O7)*IFERROR(VLOOKUP(C8,Monsters!$T$4:$AH$15,10,FALSE),0)*IFERROR(VLOOKUP(C8,Monsters!$T$4:$AH$15,9,FALSE),0))*(MIN(IF(B8="Go AFK",IF(D8="",0,D8),0),Z7/60)*60)),0))*(IFERROR(VLOOKUP(C8,Monsters!$T$4:$AH$15,5,FALSE),0)),0)-IF(AND((E8="OK"),OR(B8="Buy upgrade",B8="Forge/Scrapwork buy"),IFERROR(VLOOKUP(C8,Upgrades!$N$4:$T$47,2,FALSE),0)="scraps"),IFERROR(FLOOR(IFERROR(VLOOKUP(C8,Upgrades!$N$4:$T$47,3,FALSE),0)*(IFERROR(VLOOKUP(C8,Upgrades!$N$4:$T$47,4,FALSE),0)^(COUNTIFS($B$3:$B7,"Buy upgrade",$C$3:$C7,C8)+COUNTIFS($B$3:$B7,"Hire hunter",$C$3:$C7,C8)+COUNTIFS($B$3:$B7,"Forge/Scrapwork buy",$C$3:$C7,C8))),1),0),0)) | K8: =MAX(0,K7+IF(AND((E8="OK"),B8="Hunt"),IF(C8="Thornpelt Bear",(IF(B8="Hunt",(('Rules & Formulas'!B4*N7*('Rules & Formulas'!B5+O7)*IFERROR(VLOOKUP(C8,Monsters!$T$4:$AH$15,10,FALSE),0)*IFERROR(VLOOKUP(C8,Monsters!$T$4:$AH$15,9,FALSE),0))*'Rules & Formulas'!B6)*IF(D8="",0,D8),0))*0.12,0),0)+IF(AND((E8="OK"),B8="Go AFK"),IF(C8="Thornpelt Bear",(IF(B8="Go AFK",MIN(IF((IF((IFERROR(VLOOKUP(C8,Monsters!$T$4:$AH$15,8,FALSE),0))=0,0.35,IFERROR(VLOOKUP(C8,Monsters!$T$4:$AH$15,8,FALSE),0))/(1+0.08*AK7))<=0,999999,FLOOR(MIN(('Rules & Formulas'!B15+25*AJ7),M7+('Rules & Formulas'!B14+0.4*AJ7)*(MIN(IF(B8="Go AFK",IF(D8="",0,D8),0),Z7/60)*60))/(IF((IFERROR(VLOOKUP(C8,Monsters!$T$4:$AH$15,8,FALSE),0))=0,0.35,IFERROR(VLOOKUP(C8,Monsters!$T$4:$AH$15,8,FALSE),0))/(1+0.08*AK7)),1)),('Rules & Formulas'!B4*N7*('Rules & Formulas'!B5+O7)*IFERROR(VLOOKUP(C8,Monsters!$T$4:$AH$15,10,FALSE),0)*IFERROR(VLOOKUP(C8,Monsters!$T$4:$AH$15,9,FALSE),0))*(MIN(IF(B8="Go AFK",IF(D8="",0,D8),0),Z7/60)*60)),0))*0.12,0),0)) | L8: =MAX(0,L7+IF(AND((E8="OK"),B8="Hunt"),IF(C8="Dire Thornpelt",(IF(B8="Hunt",(('Rules & Formulas'!B4*N7*('Rules & Formulas'!B5+O7)*IFERROR(VLOOKUP(C8,Monsters!$T$4:$AH$15,10,FALSE),0)*IFERROR(VLOOKUP(C8,Monsters!$T$4:$AH$15,9,FALSE),0))*'Rules & Formulas'!B6)*IF(D8="",0,D8),0))*0.1,0),0)+IF(AND((E8="OK"),B8="Go AFK"),IF(C8="Dire Thornpelt",(IF(B8="Go AFK",MIN(IF((IF((IFERROR(VLOOKUP(C8,Monsters!$T$4:$AH$15,8,FALSE),0))=0,0.35,IFERROR(VLOOKUP(C8,Monsters!$T$4:$AH$15,8,FALSE),0))/(1+0.08*AK7))<=0,999999,FLOOR(MIN(('Rules & Formulas'!B15+25*AJ7),M7+('Rules & Formulas'!B14+0.4*AJ7)*(MIN(IF(B8="Go AFK",IF(D8="",0,D8),0),Z7/60)*60))/(IF((IFERROR(VLOOKUP(C8,Monsters!$T$4:$AH$15,8,FALSE),0))=0,0.35,IFERROR(VLOOKUP(C8,Monsters!$T$4:$AH$15,8,FALSE),0))/(1+0.08*AK7)),1)),('Rules & Formulas'!B4*N7*('Rules & Formulas'!B5+O7)*IFERROR(VLOOKUP(C8,Monsters!$T$4:$AH$15,10,FALSE),0)*IFERROR(VLOOKUP(C8,Monsters!$T$4:$AH$15,9,FALSE),0))*(MIN(IF(B8="Go AFK",IF(D8="",0,D8),0),Z7/60)*60)),0))*0.1,0),0)) | M8: =IF(AND((E8="OK"),B8="Go AFK"),MAX(0,MIN(('Rules & Formulas'!B15+25*AJ7),M7+('Rules & Formulas'!B14+0.4*AJ7)*(MIN(IF(B8="Go AFK",IF(D8="",0,D8),0),Z7/60)*60))-(IF(B8="Go AFK",MIN(IF((IF((IFERROR(VLOOKUP(C8,Monsters!$T$4:$AH$15,8,FALSE),0))=0,0.35,IFERROR(VLOOKUP(C8,Monsters!$T$4:$AH$15,8,FALSE),0))/(1+0.08*AK7))<=0,999999,FLOOR(MIN(('Rules & Formulas'!B15+25*AJ7),M7+('Rules & Formulas'!B14+0.4*AJ7)*(MIN(IF(B8="Go AFK",IF(D8="",0,D8),0),Z7/60)*60))/(IF((IFERROR(VLOOKUP(C8,Monsters!$T$4:$AH$15,8,FALSE),0))=0,0.35,IFERROR(VLOOKUP(C8,Monsters!$T$4:$AH$15,8,FALSE),0))/(1+0.08*AK7)),1)),('Rules & Formulas'!B4*N7*('Rules & Formulas'!B5+O7)*IFERROR(VLOOKUP(C8,Monsters!$T$4:$AH$15,10,FALSE),0)*IFERROR(VLOOKUP(C8,Monsters!$T$4:$AH$15,9,FALSE),0))*(MIN(IF(B8="Go AFK",IF(D8="",0,D8),0),Z7/60)*60)),0))*(IF((IFERROR(VLOOKUP(C8,Monsters!$T$4:$AH$15,8,FALSE),0))=0,0.35,IFERROR(VLOOKUP(C8,Monsters!$T$4:$AH$15,8,FALSE),0))/(1+0.08*AK7))),MIN(('Rules & Formulas'!B15+25*AJ8),M7)) | N8: =(1+0.08+0.12*AA8+0.12*AB8+0.16*AC8) | O8: =((AD8>=1)*1*(1+0.3*AE8)) | P8: =IF(OR(B8="Hunt",B8="Go AFK"),(('Rules & Formulas'!B4*N7*('Rules & Formulas'!B5+O7)*IFERROR(VLOOKUP(C8,Monsters!$T$4:$AH$15,10,FALSE),0)*IFERROR(VLOOKUP(C8,Monsters!$T$4:$AH$15,9,FALSE),0))*'Rules & Formulas'!B6),"") | Q8: =IF(OR(B8="Hunt",B8="Go AFK"),('Rules & Formulas'!B4*N7*('Rules & Formulas'!B5+O7)*IFERROR(VLOOKUP(C8,Monsters!$T$4:$AH$15,10,FALSE),0)*IFERROR(VLOOKUP(C8,Monsters!$T$4:$AH$15,9,FALSE),0)),"") | R8: =IF(AND((E8="OK"),B8="Hunt"),IF(B8="Hunt",(('Rules & Formulas'!B4*N7*('Rules & Formulas'!B5+O7)*IFERROR(VLOOKUP(C8,Monsters!$T$4:$AH$15,10,FALSE),0)*IFERROR(VLOOKUP(C8,Monsters!$T$4:$AH$15,9,FALSE),0))*'Rules & Formulas'!B6)*IF(D8="",0,D8),0),IF(AND((E8="OK"),B8="Go AFK"),IF(B8="Go AFK",MIN(IF((IF((IFERROR(VLOOKUP(C8,Monsters!$T$4:$AH$15,8,FALSE),0))=0,0.35,IFERROR(VLOOKUP(C8,Monsters!$T$4:$AH$15,8,FALSE),0))/(1+0.08*AK7))<=0,999999,FLOOR(MIN(('Rules & Formulas'!B15+25*AJ7),M7+('Rules & Formulas'!B14+0.4*AJ7)*(MIN(IF(B8="Go AFK",IF(D8="",0,D8),0),Z7/60)*60))/(IF((IFERROR(VLOOKUP(C8,Monsters!$T$4:$AH$15,8,FALSE),0))=0,0.35,IFERROR(VLOOKUP(C8,Monsters!$T$4:$AH$15,8,FALSE),0))/(1+0.08*AK7)),1)),('Rules & Formulas'!B4*N7*('Rules & Formulas'!B5+O7)*IFERROR(VLOOKUP(C8,Monsters!$T$4:$AH$15,10,FALSE),0)*IFERROR(VLOOKUP(C8,Monsters!$T$4:$AH$15,9,FALSE),0))*(MIN(IF(B8="Go AFK",IF(D8="",0,D8),0),Z7/60)*60)),0),0)) | S8: =(105/'Rules & Formulas'!B10)*'Rules & Formulas'!B11 | T8: =IF(AD7>=1,(MAX(1,ROUND('Rules & Formulas'!B18*(1+0.3*AE7)*(1+0.4*AF7),0)))*(1000/'Rules & Formulas'!B19)*MIN(0.95,'Rules & Formulas'!B20*SQRT(1+0.55*(AG7>=1))),0) | U8: =S8+T8 | V8: =IF(I7>=IF((IFERROR(VLOOKUP(C8,Monsters!$T$4:$AH$15,15,FALSE),0))=0,120,IFERROR(VLOOKUP(C8,Monsters!$T$4:$AH$15,15,FALSE),0)),"YES","no") | W8: =IF(AND(B8="Fight boss",E8="OK"),IF((((105/'Rules & Formulas'!B10)*'Rules & Formulas'!B11+IF(AD7>=1,(MAX(1,ROUND('Rules & Formulas'!B18*(1+0.3*AE7)*(1+0.4*AF7),0)))*(1000/'Rules & Formulas'!B19)*MIN(0.95,'Rules & Formulas'!B20*SQRT(1+0.55*(AG7>=1))),0)))<=0,9999,(IFERROR(VLOOKUP(C8,Monsters!$T$4:$AH$15,2,FALSE),0))/(((105/'Rules & Formulas'!B10)*'Rules & Formulas'!B11+IF(AD7>=1,(MAX(1,ROUND('Rules & Formulas'!B18*(1+0.3*AE7)*(1+0.4*AF7),0)))*(1000/'Rules & Formulas'!B19)*MIN(0.95,'Rules & Formulas'!B20*SQRT(1+0.55*(AG7>=1))),0)))),"") | X8: =IF(AND(B8="Fight boss",E8="OK"),IF((IF((((105/'Rules & Formulas'!B10)*'Rules & Formulas'!B11+IF(AD7>=1,(MAX(1,ROUND('Rules & Formulas'!B18*(1+0.3*AE7)*(1+0.4*AF7),0)))*(1000/'Rules & Formulas'!B19)*MIN(0.95,'Rules & Formulas'!B20*SQRT(1+0.55*(AG7>=1))),0)))<=0,9999,(IFERROR(VLOOKUP(C8,Monsters!$T$4:$AH$15,2,FALSE),0))/(((105/'Rules & Formulas'!B10)*'Rules & Formulas'!B11+IF(AD7>=1,(MAX(1,ROUND('Rules & Formulas'!B18*(1+0.3*AE7)*(1+0.4*AF7),0)))*(1000/'Rules & Formulas'!B19)*MIN(0.95,'Rules & Formulas'!B20*SQRT(1+0.55*(AG7>=1))),0))))<='Rules & Formulas'!B12),"WIN","LOSE"),"") | Y8: =IF(B8="Go AFK",MIN(IF(B8="Go AFK",IF(D8="",0,D8),0),Z7/60),"") | Z8: =('Rules & Formulas'!B13+30*AI8) | AA8: =COUNTIFS($B$3:$B8,"Buy upgrade",$C$3:$C8,"Idle Power") | AB8: =COUNTIFS($B$3:$B8,"Buy upgrade",$C$3:$C8,"Iron Blade") | AC8: =COUNTIFS($B$3:$B8,"Buy upgrade",$C$3:$C8,"Steel Blade") | AD8: =COUNTIFS($B$3:$B8,"Hire hunter",$C$3:$C8,"Briar")+COUNTIFS($B$3:$B8,"Buy upgrade",$C$3:$C8,"Hire Briar") | AE8: =COUNTIFS($B$3:$B8,"Buy upgrade",$C$3:$C8,"Hunter Power") | AF8: =COUNTIFS($B$3:$B8,"Buy upgrade",$C$3:$C8,"Bigger Hits") | AG8: =COUNTIFS($B$3:$B8,"Buy upgrade",$C$3:$C8,"Swift Walk") | AH8: =COUNTIFS($B$3:$B8,"Buy upgrade",$C$3:$C8,"Loot Luck") | AI8: =COUNTIFS($B$3:$B8,"Buy upgrade",$C$3:$C8,"Offline Cap") | AJ8: =COUNTIFS($B$3:$B8,"Buy upgrade",$C$3:$C8,"Bigger Food Stock") | AK8: =COUNTIFS($B$3:$B8,"Buy upgrade",$C$3:$C8,"Food Efficiency")
A9: 7 | B9: Buy upgrade | C9: Idle Power | E9: =IF(B9="","",IF(OR(B9="Hunt",B9="Go AFK"),IF(C9="","Can't","OK"),IF(B9="Fight boss",IF(I8<IF((IFERROR(VLOOKUP(C9,Monsters!$T$4:$AH$15,15,FALSE),0))=0,120,IFERROR(VLOOKUP(C9,Monsters!$T$4:$AH$15,15,FALSE),0)),"Can't","OK"),IF(B9="Hire hunter",IF(AND(C9="Briar",AD8>=1),"Can't",IF(H8<IF(C9="Briar",140,IF(C9="Quill",3650,IF(C9="Moss",4850,IF(C9="Ember",12200,0)))),"Can't","OK")),IF(OR(B9="Buy upgrade",B9="Forge/Scrapwork buy"),IF(IFERROR(VLOOKUP(C9,Upgrades!$N$4:$T$47,2,FALSE),0)="points","Can't",IF(IFERROR(VLOOKUP(C9,Upgrades!$N$4:$T$47,2,FALSE),0)="gold",IF(H8<IFERROR(FLOOR(IFERROR(VLOOKUP(C9,Upgrades!$N$4:$T$47,3,FALSE),0)*(IFERROR(VLOOKUP(C9,Upgrades!$N$4:$T$47,4,FALSE),0)^(COUNTIFS($B$3:$B8,"Buy upgrade",$C$3:$C8,C9)+COUNTIFS($B$3:$B8,"Hire hunter",$C$3:$C8,C9)+COUNTIFS($B$3:$B8,"Forge/Scrapwork buy",$C$3:$C8,C9))),1),0),"Can't","OK"),IF(IFERROR(VLOOKUP(C9,Upgrades!$N$4:$T$47,2,FALSE),0)="scraps",IF(J8<IFERROR(FLOOR(IFERROR(VLOOKUP(C9,Upgrades!$N$4:$T$47,3,FALSE),0)*(IFERROR(VLOOKUP(C9,Upgrades!$N$4:$T$47,4,FALSE),0)^(COUNTIFS($B$3:$B8,"Buy upgrade",$C$3:$C8,C9)+COUNTIFS($B$3:$B8,"Hire hunter",$C$3:$C8,C9)+COUNTIFS($B$3:$B8,"Forge/Scrapwork buy",$C$3:$C8,C9))),1),0),"Can't","OK"),IF(IFERROR(VLOOKUP(C9,Upgrades!$N$4:$T$47,2,FALSE),0)="mats","Can't","OK")))),"Check"))))) | F9: =IF(B9="","",IF(AND(B9="Fight boss",I8<IF((IFERROR(VLOOKUP(C9,Monsters!$T$4:$AH$15,15,FALSE),0))=0,120,IFERROR(VLOOKUP(C9,Monsters!$T$4:$AH$15,15,FALSE),0))),"Can't — need "&TEXT(IF((IFERROR(VLOOKUP(C9,Monsters!$T$4:$AH$15,15,FALSE),0))=0,120,IFERROR(VLOOKUP(C9,Monsters!$T$4:$AH$15,15,FALSE),0))-I8,"0.0")&" more Slayer points on the meter",IF(AND(B9="Hire hunter",C9="Briar",AD8>=1),"Can't — already hired",IF(AND(B9="Hire hunter",H8<IF(C9="Briar",140,IF(C9="Quill",3650,IF(C9="Moss",4850,IF(C9="Ember",12200,0))))),"Can't — need "&TEXT(IF(C9="Briar",140,IF(C9="Quill",3650,IF(C9="Moss",4850,IF(C9="Ember",12200,0))))-H8,"0")&" more gold",IF(AND(OR(B9="Buy upgrade",B9="Forge/Scrapwork buy"),IFERROR(VLOOKUP(C9,Upgrades!$N$4:$T$47,2,FALSE),0)="points"),"Can't — Sp-wallet spends not tracked here",IF(AND(OR(B9="Buy upgrade",B9="Forge/Scrapwork buy"),IFERROR(VLOOKUP(C9,Upgrades!$N$4:$T$47,2,FALSE),0)="gold",H8<IFERROR(FLOOR(IFERROR(VLOOKUP(C9,Upgrades!$N$4:$T$47,3,FALSE),0)*(IFERROR(VLOOKUP(C9,Upgrades!$N$4:$T$47,4,FALSE),0)^(COUNTIFS($B$3:$B8,"Buy upgrade",$C$3:$C8,C9)+COUNTIFS($B$3:$B8,"Hire hunter",$C$3:$C8,C9)+COUNTIFS($B$3:$B8,"Forge/Scrapwork buy",$C$3:$C8,C9))),1),0)),"Can't — need "&TEXT(IFERROR(FLOOR(IFERROR(VLOOKUP(C9,Upgrades!$N$4:$T$47,3,FALSE),0)*(IFERROR(VLOOKUP(C9,Upgrades!$N$4:$T$47,4,FALSE),0)^(COUNTIFS($B$3:$B8,"Buy upgrade",$C$3:$C8,C9)+COUNTIFS($B$3:$B8,"Hire hunter",$C$3:$C8,C9)+COUNTIFS($B$3:$B8,"Forge/Scrapwork buy",$C$3:$C8,C9))),1),0)-H8,"0")&" more gold",IF(AND(OR(B9="Buy upgrade",B9="Forge/Scrapwork buy"),IFERROR(VLOOKUP(C9,Upgrades!$N$4:$T$47,2,FALSE),0)="scraps",J8<IFERROR(FLOOR(IFERROR(VLOOKUP(C9,Upgrades!$N$4:$T$47,3,FALSE),0)*(IFERROR(VLOOKUP(C9,Upgrades!$N$4:$T$47,4,FALSE),0)^(COUNTIFS($B$3:$B8,"Buy upgrade",$C$3:$C8,C9)+COUNTIFS($B$3:$B8,"Hire hunter",$C$3:$C8,C9)+COUNTIFS($B$3:$B8,"Forge/Scrapwork buy",$C$3:$C8,C9))),1),0)),"Can't — need "&TEXT(IFERROR(FLOOR(IFERROR(VLOOKUP(C9,Upgrades!$N$4:$T$47,3,FALSE),0)*(IFERROR(VLOOKUP(C9,Upgrades!$N$4:$T$47,4,FALSE),0)^(COUNTIFS($B$3:$B8,"Buy upgrade",$C$3:$C8,C9)+COUNTIFS($B$3:$B8,"Hire hunter",$C$3:$C8,C9)+COUNTIFS($B$3:$B8,"Forge/Scrapwork buy",$C$3:$C8,C9))),1),0)-J8,"0")&" more scraps",IF(AND(B9="Fight boss",E9="OK",(IF((((105/'Rules & Formulas'!B10)*'Rules & Formulas'!B11+IF(AD8>=1,(MAX(1,ROUND('Rules & Formulas'!B18*(1+0.3*AE8)*(1+0.4*AF8),0)))*(1000/'Rules & Formulas'!B19)*MIN(0.95,'Rules & Formulas'!B20*SQRT(1+0.55*(AG8>=1))),0)))<=0,9999,(IFERROR(VLOOKUP(C9,Monsters!$T$4:$AH$15,2,FALSE),0))/(((105/'Rules & Formulas'!B10)*'Rules & Formulas'!B11+IF(AD8>=1,(MAX(1,ROUND('Rules & Formulas'!B18*(1+0.3*AE8)*(1+0.4*AF8),0)))*(1000/'Rules & Formulas'!B19)*MIN(0.95,'Rules & Formulas'!B20*SQRT(1+0.55*(AG8>=1))),0))))<='Rules & Formulas'!B12)),"WIN — boss down, next Level unlocks",IF(AND(B9="Fight boss",E9="OK"),"LOSE — TTK "&TEXT(IF((((105/'Rules & Formulas'!B10)*'Rules & Formulas'!B11+IF(AD8>=1,(MAX(1,ROUND('Rules & Formulas'!B18*(1+0.3*AE8)*(1+0.4*AF8),0)))*(1000/'Rules & Formulas'!B19)*MIN(0.95,'Rules & Formulas'!B20*SQRT(1+0.55*(AG8>=1))),0)))<=0,9999,(IFERROR(VLOOKUP(C9,Monsters!$T$4:$AH$15,2,FALSE),0))/(((105/'Rules & Formulas'!B10)*'Rules & Formulas'!B11+IF(AD8>=1,(MAX(1,ROUND('Rules & Formulas'!B18*(1+0.3*AE8)*(1+0.4*AF8),0)))*(1000/'Rules & Formulas'!B19)*MIN(0.95,'Rules & Formulas'!B20*SQRT(1+0.55*(AG8>=1))),0)))),"0")&"s > patience "&TEXT('Rules & Formulas'!B12,"0")&"s (leave resets HP)",IF(B9="Go AFK","AFK resolved (see AFK counted h)","Applied"))))))))) | G9: =IF(AND((E9="OK"),B9="Fight boss",(IF((((105/'Rules & Formulas'!B10)*'Rules & Formulas'!B11+IF(AD8>=1,(MAX(1,ROUND('Rules & Formulas'!B18*(1+0.3*AE8)*(1+0.4*AF8),0)))*(1000/'Rules & Formulas'!B19)*MIN(0.95,'Rules & Formulas'!B20*SQRT(1+0.55*(AG8>=1))),0)))<=0,9999,(IFERROR(VLOOKUP(C9,Monsters!$T$4:$AH$15,2,FALSE),0))/(((105/'Rules & Formulas'!B10)*'Rules & Formulas'!B11+IF(AD8>=1,(MAX(1,ROUND('Rules & Formulas'!B18*(1+0.3*AE8)*(1+0.4*AF8),0)))*(1000/'Rules & Formulas'!B19)*MIN(0.95,'Rules & Formulas'!B20*SQRT(1+0.55*(AG8>=1))),0))))<='Rules & Formulas'!B12),C9="Elder Thornpelt"),2,IF(AND((E9="OK"),B9="Fight boss",(IF((((105/'Rules & Formulas'!B10)*'Rules & Formulas'!B11+IF(AD8>=1,(MAX(1,ROUND('Rules & Formulas'!B18*(1+0.3*AE8)*(1+0.4*AF8),0)))*(1000/'Rules & Formulas'!B19)*MIN(0.95,'Rules & Formulas'!B20*SQRT(1+0.55*(AG8>=1))),0)))<=0,9999,(IFERROR(VLOOKUP(C9,Monsters!$T$4:$AH$15,2,FALSE),0))/(((105/'Rules & Formulas'!B10)*'Rules & Formulas'!B11+IF(AD8>=1,(MAX(1,ROUND('Rules & Formulas'!B18*(1+0.3*AE8)*(1+0.4*AF8),0)))*(1000/'Rules & Formulas'!B19)*MIN(0.95,'Rules & Formulas'!B20*SQRT(1+0.55*(AG8>=1))),0))))<='Rules & Formulas'!B12),C9="Ashfang Alpha"),3,G8)) | H9: =MAX(0,H8+IF(AND((E9="OK"),B9="Hunt"),(IF(B9="Hunt",(('Rules & Formulas'!B4*N8*('Rules & Formulas'!B5+O8)*IFERROR(VLOOKUP(C9,Monsters!$T$4:$AH$15,10,FALSE),0)*IFERROR(VLOOKUP(C9,Monsters!$T$4:$AH$15,9,FALSE),0))*'Rules & Formulas'!B6)*IF(D9="",0,D9),0))*(IFERROR(VLOOKUP(C9,Monsters!$T$4:$AH$15,3,FALSE),0))*(1+0.1*AH8)+(IF(OR(B9<>"Hunt",IFERROR(VLOOKUP(C9,Monsters!$T$4:$AH$15,6,FALSE),0)=0),0,FLOOR((IF(B9="Hunt",(('Rules & Formulas'!B4*N8*('Rules & Formulas'!B5+O8)*IFERROR(VLOOKUP(C9,Monsters!$T$4:$AH$15,10,FALSE),0)*IFERROR(VLOOKUP(C9,Monsters!$T$4:$AH$15,9,FALSE),0))*'Rules & Formulas'!B6)*IF(D9="",0,D9),0))/MAX(1,IFERROR(VLOOKUP(C9,Monsters!$T$4:$AH$15,6,FALSE),0)),1)))*(IFERROR(VLOOKUP(C9,Monsters!$T$4:$AH$15,7,FALSE),0))*0.5*(1+0.1*AH8),0)+IF(AND((E9="OK"),B9="Go AFK"),(IF(B9="Go AFK",MIN(IF((IF((IFERROR(VLOOKUP(C9,Monsters!$T$4:$AH$15,8,FALSE),0))=0,0.35,IFERROR(VLOOKUP(C9,Monsters!$T$4:$AH$15,8,FALSE),0))/(1+0.08*AK8))<=0,999999,FLOOR(MIN(('Rules & Formulas'!B15+25*AJ8),M8+('Rules & Formulas'!B14+0.4*AJ8)*(MIN(IF(B9="Go AFK",IF(D9="",0,D9),0),Z8/60)*60))/(IF((IFERROR(VLOOKUP(C9,Monsters!$T$4:$AH$15,8,FALSE),0))=0,0.35,IFERROR(VLOOKUP(C9,Monsters!$T$4:$AH$15,8,FALSE),0))/(1+0.08*AK8)),1)),('Rules & Formulas'!B4*N8*('Rules & Formulas'!B5+O8)*IFERROR(VLOOKUP(C9,Monsters!$T$4:$AH$15,10,FALSE),0)*IFERROR(VLOOKUP(C9,Monsters!$T$4:$AH$15,9,FALSE),0))*(MIN(IF(B9="Go AFK",IF(D9="",0,D9),0),Z8/60)*60)),0))*(IFERROR(VLOOKUP(C9,Monsters!$T$4:$AH$15,3,FALSE),0))*(1+0.1*AH8)+(IF(OR(B9<>"Go AFK",IFERROR(VLOOKUP(C9,Monsters!$T$4:$AH$15,6,FALSE),0)=0),0,FLOOR((IF(B9="Go AFK",MIN(IF((IF((IFERROR(VLOOKUP(C9,Monsters!$T$4:$AH$15,8,FALSE),0))=0,0.35,IFERROR(VLOOKUP(C9,Monsters!$T$4:$AH$15,8,FALSE),0))/(1+0.08*AK8))<=0,999999,FLOOR(MIN(('Rules & Formulas'!B15+25*AJ8),M8+('Rules & Formulas'!B14+0.4*AJ8)*(MIN(IF(B9="Go AFK",IF(D9="",0,D9),0),Z8/60)*60))/(IF((IFERROR(VLOOKUP(C9,Monsters!$T$4:$AH$15,8,FALSE),0))=0,0.35,IFERROR(VLOOKUP(C9,Monsters!$T$4:$AH$15,8,FALSE),0))/(1+0.08*AK8)),1)),('Rules & Formulas'!B4*N8*('Rules & Formulas'!B5+O8)*IFERROR(VLOOKUP(C9,Monsters!$T$4:$AH$15,10,FALSE),0)*IFERROR(VLOOKUP(C9,Monsters!$T$4:$AH$15,9,FALSE),0))*(MIN(IF(B9="Go AFK",IF(D9="",0,D9),0),Z8/60)*60)),0))/MAX(1,IFERROR(VLOOKUP(C9,Monsters!$T$4:$AH$15,6,FALSE),0)),1)))*(IFERROR(VLOOKUP(C9,Monsters!$T$4:$AH$15,7,FALSE),0))*0.5*(1+0.1*AH8),0)+IF(AND((E9="OK"),B9="Fight boss",(IF((((105/'Rules & Formulas'!B10)*'Rules & Formulas'!B11+IF(AD8>=1,(MAX(1,ROUND('Rules & Formulas'!B18*(1+0.3*AE8)*(1+0.4*AF8),0)))*(1000/'Rules & Formulas'!B19)*MIN(0.95,'Rules & Formulas'!B20*SQRT(1+0.55*(AG8>=1))),0)))<=0,9999,(IFERROR(VLOOKUP(C9,Monsters!$T$4:$AH$15,2,FALSE),0))/(((105/'Rules & Formulas'!B10)*'Rules & Formulas'!B11+IF(AD8>=1,(MAX(1,ROUND('Rules & Formulas'!B18*(1+0.3*AE8)*(1+0.4*AF8),0)))*(1000/'Rules & Formulas'!B19)*MIN(0.95,'Rules & Formulas'!B20*SQRT(1+0.55*(AG8>=1))),0))))<='Rules & Formulas'!B12)),IFERROR(VLOOKUP(C9,Monsters!$T$4:$AH$15,3,FALSE),0),0)-IF(AND((E9="OK"),OR(B9="Buy upgrade",B9="Forge/Scrapwork buy"),IFERROR(VLOOKUP(C9,Upgrades!$N$4:$T$47,2,FALSE),0)="gold"),IFERROR(FLOOR(IFERROR(VLOOKUP(C9,Upgrades!$N$4:$T$47,3,FALSE),0)*(IFERROR(VLOOKUP(C9,Upgrades!$N$4:$T$47,4,FALSE),0)^(COUNTIFS($B$3:$B8,"Buy upgrade",$C$3:$C8,C9)+COUNTIFS($B$3:$B8,"Hire hunter",$C$3:$C8,C9)+COUNTIFS($B$3:$B8,"Forge/Scrapwork buy",$C$3:$C8,C9))),1),0),0)-IF(AND((E9="OK"),B9="Hire hunter"),IF(C9="Briar",140,IF(C9="Quill",3650,IF(C9="Moss",4850,IF(C9="Ember",12200,0)))),0)) | I9: =IF(AND((E9="OK"),B9="Fight boss",(IF((((105/'Rules & Formulas'!B10)*'Rules & Formulas'!B11+IF(AD8>=1,(MAX(1,ROUND('Rules & Formulas'!B18*(1+0.3*AE8)*(1+0.4*AF8),0)))*(1000/'Rules & Formulas'!B19)*MIN(0.95,'Rules & Formulas'!B20*SQRT(1+0.55*(AG8>=1))),0)))<=0,9999,(IFERROR(VLOOKUP(C9,Monsters!$T$4:$AH$15,2,FALSE),0))/(((105/'Rules & Formulas'!B10)*'Rules & Formulas'!B11+IF(AD8>=1,(MAX(1,ROUND('Rules & Formulas'!B18*(1+0.3*AE8)*(1+0.4*AF8),0)))*(1000/'Rules & Formulas'!B19)*MIN(0.95,'Rules & Formulas'!B20*SQRT(1+0.55*(AG8>=1))),0))))<='Rules & Formulas'!B12)),0,MIN(IF(G8<=1,120,IF(G8=2,280,600)),I8+IF(AND((E9="OK"),B9="Hunt"),((IF(B9="Hunt",(('Rules & Formulas'!B4*N8*('Rules & Formulas'!B5+O8)*IFERROR(VLOOKUP(C9,Monsters!$T$4:$AH$15,10,FALSE),0)*IFERROR(VLOOKUP(C9,Monsters!$T$4:$AH$15,9,FALSE),0))*'Rules & Formulas'!B6)*IF(D9="",0,D9),0))*(IFERROR(VLOOKUP(C9,Monsters!$T$4:$AH$15,4,FALSE),0))+(IF(OR(B9<>"Hunt",IFERROR(VLOOKUP(C9,Monsters!$T$4:$AH$15,6,FALSE),0)=0),0,FLOOR((IF(B9="Hunt",(('Rules & Formulas'!B4*N8*('Rules & Formulas'!B5+O8)*IFERROR(VLOOKUP(C9,Monsters!$T$4:$AH$15,10,FALSE),0)*IFERROR(VLOOKUP(C9,Monsters!$T$4:$AH$15,9,FALSE),0))*'Rules & Formulas'!B6)*IF(D9="",0,D9),0))/MAX(1,IFERROR(VLOOKUP(C9,Monsters!$T$4:$AH$15,6,FALSE),0)),1)))*(IFERROR(VLOOKUP(C9,Monsters!$T$4:$AH$15,7,FALSE),0))),0)+IF(AND((E9="OK"),B9="Go AFK"),((IF(B9="Go AFK",MIN(IF((IF((IFERROR(VLOOKUP(C9,Monsters!$T$4:$AH$15,8,FALSE),0))=0,0.35,IFERROR(VLOOKUP(C9,Monsters!$T$4:$AH$15,8,FALSE),0))/(1+0.08*AK8))<=0,999999,FLOOR(MIN(('Rules & Formulas'!B15+25*AJ8),M8+('Rules & Formulas'!B14+0.4*AJ8)*(MIN(IF(B9="Go AFK",IF(D9="",0,D9),0),Z8/60)*60))/(IF((IFERROR(VLOOKUP(C9,Monsters!$T$4:$AH$15,8,FALSE),0))=0,0.35,IFERROR(VLOOKUP(C9,Monsters!$T$4:$AH$15,8,FALSE),0))/(1+0.08*AK8)),1)),('Rules & Formulas'!B4*N8*('Rules & Formulas'!B5+O8)*IFERROR(VLOOKUP(C9,Monsters!$T$4:$AH$15,10,FALSE),0)*IFERROR(VLOOKUP(C9,Monsters!$T$4:$AH$15,9,FALSE),0))*(MIN(IF(B9="Go AFK",IF(D9="",0,D9),0),Z8/60)*60)),0))*(IFERROR(VLOOKUP(C9,Monsters!$T$4:$AH$15,4,FALSE),0))+(IF(OR(B9<>"Go AFK",IFERROR(VLOOKUP(C9,Monsters!$T$4:$AH$15,6,FALSE),0)=0),0,FLOOR((IF(B9="Go AFK",MIN(IF((IF((IFERROR(VLOOKUP(C9,Monsters!$T$4:$AH$15,8,FALSE),0))=0,0.35,IFERROR(VLOOKUP(C9,Monsters!$T$4:$AH$15,8,FALSE),0))/(1+0.08*AK8))<=0,999999,FLOOR(MIN(('Rules & Formulas'!B15+25*AJ8),M8+('Rules & Formulas'!B14+0.4*AJ8)*(MIN(IF(B9="Go AFK",IF(D9="",0,D9),0),Z8/60)*60))/(IF((IFERROR(VLOOKUP(C9,Monsters!$T$4:$AH$15,8,FALSE),0))=0,0.35,IFERROR(VLOOKUP(C9,Monsters!$T$4:$AH$15,8,FALSE),0))/(1+0.08*AK8)),1)),('Rules & Formulas'!B4*N8*('Rules & Formulas'!B5+O8)*IFERROR(VLOOKUP(C9,Monsters!$T$4:$AH$15,10,FALSE),0)*IFERROR(VLOOKUP(C9,Monsters!$T$4:$AH$15,9,FALSE),0))*(MIN(IF(B9="Go AFK",IF(D9="",0,D9),0),Z8/60)*60)),0))/MAX(1,IFERROR(VLOOKUP(C9,Monsters!$T$4:$AH$15,6,FALSE),0)),1)))*(IFERROR(VLOOKUP(C9,Monsters!$T$4:$AH$15,7,FALSE),0))),0))) | J9: =MAX(0,J8+IF(AND((E9="OK"),B9="Hunt"),(IF(B9="Hunt",(('Rules & Formulas'!B4*N8*('Rules & Formulas'!B5+O8)*IFERROR(VLOOKUP(C9,Monsters!$T$4:$AH$15,10,FALSE),0)*IFERROR(VLOOKUP(C9,Monsters!$T$4:$AH$15,9,FALSE),0))*'Rules & Formulas'!B6)*IF(D9="",0,D9),0))*(IFERROR(VLOOKUP(C9,Monsters!$T$4:$AH$15,5,FALSE),0)),0)+IF(AND((E9="OK"),B9="Go AFK"),(IF(B9="Go AFK",MIN(IF((IF((IFERROR(VLOOKUP(C9,Monsters!$T$4:$AH$15,8,FALSE),0))=0,0.35,IFERROR(VLOOKUP(C9,Monsters!$T$4:$AH$15,8,FALSE),0))/(1+0.08*AK8))<=0,999999,FLOOR(MIN(('Rules & Formulas'!B15+25*AJ8),M8+('Rules & Formulas'!B14+0.4*AJ8)*(MIN(IF(B9="Go AFK",IF(D9="",0,D9),0),Z8/60)*60))/(IF((IFERROR(VLOOKUP(C9,Monsters!$T$4:$AH$15,8,FALSE),0))=0,0.35,IFERROR(VLOOKUP(C9,Monsters!$T$4:$AH$15,8,FALSE),0))/(1+0.08*AK8)),1)),('Rules & Formulas'!B4*N8*('Rules & Formulas'!B5+O8)*IFERROR(VLOOKUP(C9,Monsters!$T$4:$AH$15,10,FALSE),0)*IFERROR(VLOOKUP(C9,Monsters!$T$4:$AH$15,9,FALSE),0))*(MIN(IF(B9="Go AFK",IF(D9="",0,D9),0),Z8/60)*60)),0))*(IFERROR(VLOOKUP(C9,Monsters!$T$4:$AH$15,5,FALSE),0)),0)-IF(AND((E9="OK"),OR(B9="Buy upgrade",B9="Forge/Scrapwork buy"),IFERROR(VLOOKUP(C9,Upgrades!$N$4:$T$47,2,FALSE),0)="scraps"),IFERROR(FLOOR(IFERROR(VLOOKUP(C9,Upgrades!$N$4:$T$47,3,FALSE),0)*(IFERROR(VLOOKUP(C9,Upgrades!$N$4:$T$47,4,FALSE),0)^(COUNTIFS($B$3:$B8,"Buy upgrade",$C$3:$C8,C9)+COUNTIFS($B$3:$B8,"Hire hunter",$C$3:$C8,C9)+COUNTIFS($B$3:$B8,"Forge/Scrapwork buy",$C$3:$C8,C9))),1),0),0)) | K9: =MAX(0,K8+IF(AND((E9="OK"),B9="Hunt"),IF(C9="Thornpelt Bear",(IF(B9="Hunt",(('Rules & Formulas'!B4*N8*('Rules & Formulas'!B5+O8)*IFERROR(VLOOKUP(C9,Monsters!$T$4:$AH$15,10,FALSE),0)*IFERROR(VLOOKUP(C9,Monsters!$T$4:$AH$15,9,FALSE),0))*'Rules & Formulas'!B6)*IF(D9="",0,D9),0))*0.12,0),0)+IF(AND((E9="OK"),B9="Go AFK"),IF(C9="Thornpelt Bear",(IF(B9="Go AFK",MIN(IF((IF((IFERROR(VLOOKUP(C9,Monsters!$T$4:$AH$15,8,FALSE),0))=0,0.35,IFERROR(VLOOKUP(C9,Monsters!$T$4:$AH$15,8,FALSE),0))/(1+0.08*AK8))<=0,999999,FLOOR(MIN(('Rules & Formulas'!B15+25*AJ8),M8+('Rules & Formulas'!B14+0.4*AJ8)*(MIN(IF(B9="Go AFK",IF(D9="",0,D9),0),Z8/60)*60))/(IF((IFERROR(VLOOKUP(C9,Monsters!$T$4:$AH$15,8,FALSE),0))=0,0.35,IFERROR(VLOOKUP(C9,Monsters!$T$4:$AH$15,8,FALSE),0))/(1+0.08*AK8)),1)),('Rules & Formulas'!B4*N8*('Rules & Formulas'!B5+O8)*IFERROR(VLOOKUP(C9,Monsters!$T$4:$AH$15,10,FALSE),0)*IFERROR(VLOOKUP(C9,Monsters!$T$4:$AH$15,9,FALSE),0))*(MIN(IF(B9="Go AFK",IF(D9="",0,D9),0),Z8/60)*60)),0))*0.12,0),0)) | L9: =MAX(0,L8+IF(AND((E9="OK"),B9="Hunt"),IF(C9="Dire Thornpelt",(IF(B9="Hunt",(('Rules & Formulas'!B4*N8*('Rules & Formulas'!B5+O8)*IFERROR(VLOOKUP(C9,Monsters!$T$4:$AH$15,10,FALSE),0)*IFERROR(VLOOKUP(C9,Monsters!$T$4:$AH$15,9,FALSE),0))*'Rules & Formulas'!B6)*IF(D9="",0,D9),0))*0.1,0),0)+IF(AND((E9="OK"),B9="Go AFK"),IF(C9="Dire Thornpelt",(IF(B9="Go AFK",MIN(IF((IF((IFERROR(VLOOKUP(C9,Monsters!$T$4:$AH$15,8,FALSE),0))=0,0.35,IFERROR(VLOOKUP(C9,Monsters!$T$4:$AH$15,8,FALSE),0))/(1+0.08*AK8))<=0,999999,FLOOR(MIN(('Rules & Formulas'!B15+25*AJ8),M8+('Rules & Formulas'!B14+0.4*AJ8)*(MIN(IF(B9="Go AFK",IF(D9="",0,D9),0),Z8/60)*60))/(IF((IFERROR(VLOOKUP(C9,Monsters!$T$4:$AH$15,8,FALSE),0))=0,0.35,IFERROR(VLOOKUP(C9,Monsters!$T$4:$AH$15,8,FALSE),0))/(1+0.08*AK8)),1)),('Rules & Formulas'!B4*N8*('Rules & Formulas'!B5+O8)*IFERROR(VLOOKUP(C9,Monsters!$T$4:$AH$15,10,FALSE),0)*IFERROR(VLOOKUP(C9,Monsters!$T$4:$AH$15,9,FALSE),0))*(MIN(IF(B9="Go AFK",IF(D9="",0,D9),0),Z8/60)*60)),0))*0.1,0),0)) | M9: =IF(AND((E9="OK"),B9="Go AFK"),MAX(0,MIN(('Rules & Formulas'!B15+25*AJ8),M8+('Rules & Formulas'!B14+0.4*AJ8)*(MIN(IF(B9="Go AFK",IF(D9="",0,D9),0),Z8/60)*60))-(IF(B9="Go AFK",MIN(IF((IF((IFERROR(VLOOKUP(C9,Monsters!$T$4:$AH$15,8,FALSE),0))=0,0.35,IFERROR(VLOOKUP(C9,Monsters!$T$4:$AH$15,8,FALSE),0))/(1+0.08*AK8))<=0,999999,FLOOR(MIN(('Rules & Formulas'!B15+25*AJ8),M8+('Rules & Formulas'!B14+0.4*AJ8)*(MIN(IF(B9="Go AFK",IF(D9="",0,D9),0),Z8/60)*60))/(IF((IFERROR(VLOOKUP(C9,Monsters!$T$4:$AH$15,8,FALSE),0))=0,0.35,IFERROR(VLOOKUP(C9,Monsters!$T$4:$AH$15,8,FALSE),0))/(1+0.08*AK8)),1)),('Rules & Formulas'!B4*N8*('Rules & Formulas'!B5+O8)*IFERROR(VLOOKUP(C9,Monsters!$T$4:$AH$15,10,FALSE),0)*IFERROR(VLOOKUP(C9,Monsters!$T$4:$AH$15,9,FALSE),0))*(MIN(IF(B9="Go AFK",IF(D9="",0,D9),0),Z8/60)*60)),0))*(IF((IFERROR(VLOOKUP(C9,Monsters!$T$4:$AH$15,8,FALSE),0))=0,0.35,IFERROR(VLOOKUP(C9,Monsters!$T$4:$AH$15,8,FALSE),0))/(1+0.08*AK8))),MIN(('Rules & Formulas'!B15+25*AJ9),M8)) | N9: =(1+0.08+0.12*AA9+0.12*AB9+0.16*AC9) | O9: =((AD9>=1)*1*(1+0.3*AE9)) | P9: =IF(OR(B9="Hunt",B9="Go AFK"),(('Rules & Formulas'!B4*N8*('Rules & Formulas'!B5+O8)*IFERROR(VLOOKUP(C9,Monsters!$T$4:$AH$15,10,FALSE),0)*IFERROR(VLOOKUP(C9,Monsters!$T$4:$AH$15,9,FALSE),0))*'Rules & Formulas'!B6),"") | Q9: =IF(OR(B9="Hunt",B9="Go AFK"),('Rules & Formulas'!B4*N8*('Rules & Formulas'!B5+O8)*IFERROR(VLOOKUP(C9,Monsters!$T$4:$AH$15,10,FALSE),0)*IFERROR(VLOOKUP(C9,Monsters!$T$4:$AH$15,9,FALSE),0)),"") | R9: =IF(AND((E9="OK"),B9="Hunt"),IF(B9="Hunt",(('Rules & Formulas'!B4*N8*('Rules & Formulas'!B5+O8)*IFERROR(VLOOKUP(C9,Monsters!$T$4:$AH$15,10,FALSE),0)*IFERROR(VLOOKUP(C9,Monsters!$T$4:$AH$15,9,FALSE),0))*'Rules & Formulas'!B6)*IF(D9="",0,D9),0),IF(AND((E9="OK"),B9="Go AFK"),IF(B9="Go AFK",MIN(IF((IF((IFERROR(VLOOKUP(C9,Monsters!$T$4:$AH$15,8,FALSE),0))=0,0.35,IFERROR(VLOOKUP(C9,Monsters!$T$4:$AH$15,8,FALSE),0))/(1+0.08*AK8))<=0,999999,FLOOR(MIN(('Rules & Formulas'!B15+25*AJ8),M8+('Rules & Formulas'!B14+0.4*AJ8)*(MIN(IF(B9="Go AFK",IF(D9="",0,D9),0),Z8/60)*60))/(IF((IFERROR(VLOOKUP(C9,Monsters!$T$4:$AH$15,8,FALSE),0))=0,0.35,IFERROR(VLOOKUP(C9,Monsters!$T$4:$AH$15,8,FALSE),0))/(1+0.08*AK8)),1)),('Rules & Formulas'!B4*N8*('Rules & Formulas'!B5+O8)*IFERROR(VLOOKUP(C9,Monsters!$T$4:$AH$15,10,FALSE),0)*IFERROR(VLOOKUP(C9,Monsters!$T$4:$AH$15,9,FALSE),0))*(MIN(IF(B9="Go AFK",IF(D9="",0,D9),0),Z8/60)*60)),0),0)) | S9: =(105/'Rules & Formulas'!B10)*'Rules & Formulas'!B11 | T9: =IF(AD8>=1,(MAX(1,ROUND('Rules & Formulas'!B18*(1+0.3*AE8)*(1+0.4*AF8),0)))*(1000/'Rules & Formulas'!B19)*MIN(0.95,'Rules & Formulas'!B20*SQRT(1+0.55*(AG8>=1))),0) | U9: =S9+T9 | V9: =IF(I8>=IF((IFERROR(VLOOKUP(C9,Monsters!$T$4:$AH$15,15,FALSE),0))=0,120,IFERROR(VLOOKUP(C9,Monsters!$T$4:$AH$15,15,FALSE),0)),"YES","no") | W9: =IF(AND(B9="Fight boss",E9="OK"),IF((((105/'Rules & Formulas'!B10)*'Rules & Formulas'!B11+IF(AD8>=1,(MAX(1,ROUND('Rules & Formulas'!B18*(1+0.3*AE8)*(1+0.4*AF8),0)))*(1000/'Rules & Formulas'!B19)*MIN(0.95,'Rules & Formulas'!B20*SQRT(1+0.55*(AG8>=1))),0)))<=0,9999,(IFERROR(VLOOKUP(C9,Monsters!$T$4:$AH$15,2,FALSE),0))/(((105/'Rules & Formulas'!B10)*'Rules & Formulas'!B11+IF(AD8>=1,(MAX(1,ROUND('Rules & Formulas'!B18*(1+0.3*AE8)*(1+0.4*AF8),0)))*(1000/'Rules & Formulas'!B19)*MIN(0.95,'Rules & Formulas'!B20*SQRT(1+0.55*(AG8>=1))),0)))),"") | X9: =IF(AND(B9="Fight boss",E9="OK"),IF((IF((((105/'Rules & Formulas'!B10)*'Rules & Formulas'!B11+IF(AD8>=1,(MAX(1,ROUND('Rules & Formulas'!B18*(1+0.3*AE8)*(1+0.4*AF8),0)))*(1000/'Rules & Formulas'!B19)*MIN(0.95,'Rules & Formulas'!B20*SQRT(1+0.55*(AG8>=1))),0)))<=0,9999,(IFERROR(VLOOKUP(C9,Monsters!$T$4:$AH$15,2,FALSE),0))/(((105/'Rules & Formulas'!B10)*'Rules & Formulas'!B11+IF(AD8>=1,(MAX(1,ROUND('Rules & Formulas'!B18*(1+0.3*AE8)*(1+0.4*AF8),0)))*(1000/'Rules & Formulas'!B19)*MIN(0.95,'Rules & Formulas'!B20*SQRT(1+0.55*(AG8>=1))),0))))<='Rules & Formulas'!B12),"WIN","LOSE"),"") | Y9: =IF(B9="Go AFK",MIN(IF(B9="Go AFK",IF(D9="",0,D9),0),Z8/60),"") | Z9: =('Rules & Formulas'!B13+30*AI9) | AA9: =COUNTIFS($B$3:$B9,"Buy upgrade",$C$3:$C9,"Idle Power") | AB9: =COUNTIFS($B$3:$B9,"Buy upgrade",$C$3:$C9,"Iron Blade") | AC9: =COUNTIFS($B$3:$B9,"Buy upgrade",$C$3:$C9,"Steel Blade") | AD9: =COUNTIFS($B$3:$B9,"Hire hunter",$C$3:$C9,"Briar")+COUNTIFS($B$3:$B9,"Buy upgrade",$C$3:$C9,"Hire Briar") | AE9: =COUNTIFS($B$3:$B9,"Buy upgrade",$C$3:$C9,"Hunter Power") | AF9: =COUNTIFS($B$3:$B9,"Buy upgrade",$C$3:$C9,"Bigger Hits") | AG9: =COUNTIFS($B$3:$B9,"Buy upgrade",$C$3:$C9,"Swift Walk") | AH9: =COUNTIFS($B$3:$B9,"Buy upgrade",$C$3:$C9,"Loot Luck") | AI9: =COUNTIFS($B$3:$B9,"Buy upgrade",$C$3:$C9,"Offline Cap") | AJ9: =COUNTIFS($B$3:$B9,"Buy upgrade",$C$3:$C9,"Bigger Food Stock") | AK9: =COUNTIFS($B$3:$B9,"Buy upgrade",$C$3:$C9,"Food Efficiency")
A10: 8 | B10: Hunt | C10: Bristle Cub | D10: 5 | E10: =IF(B10="","",IF(OR(B10="Hunt",B10="Go AFK"),IF(C10="","Can't","OK"),IF(B10="Fight boss",IF(I9<IF((IFERROR(VLOOKUP(C10,Monsters!$T$4:$AH$15,15,FALSE),0))=0,120,IFERROR(VLOOKUP(C10,Monsters!$T$4:$AH$15,15,FALSE),0)),"Can't","OK"),IF(B10="Hire hunter",IF(AND(C10="Briar",AD9>=1),"Can't",IF(H9<IF(C10="Briar",140,IF(C10="Quill",3650,IF(C10="Moss",4850,IF(C10="Ember",12200,0)))),"Can't","OK")),IF(OR(B10="Buy upgrade",B10="Forge/Scrapwork buy"),IF(IFERROR(VLOOKUP(C10,Upgrades!$N$4:$T$47,2,FALSE),0)="points","Can't",IF(IFERROR(VLOOKUP(C10,Upgrades!$N$4:$T$47,2,FALSE),0)="gold",IF(H9<IFERROR(FLOOR(IFERROR(VLOOKUP(C10,Upgrades!$N$4:$T$47,3,FALSE),0)*(IFERROR(VLOOKUP(C10,Upgrades!$N$4:$T$47,4,FALSE),0)^(COUNTIFS($B$3:$B9,"Buy upgrade",$C$3:$C9,C10)+COUNTIFS($B$3:$B9,"Hire hunter",$C$3:$C9,C10)+COUNTIFS($B$3:$B9,"Forge/Scrapwork buy",$C$3:$C9,C10))),1),0),"Can't","OK"),IF(IFERROR(VLOOKUP(C10,Upgrades!$N$4:$T$47,2,FALSE),0)="scraps",IF(J9<IFERROR(FLOOR(IFERROR(VLOOKUP(C10,Upgrades!$N$4:$T$47,3,FALSE),0)*(IFERROR(VLOOKUP(C10,Upgrades!$N$4:$T$47,4,FALSE),0)^(COUNTIFS($B$3:$B9,"Buy upgrade",$C$3:$C9,C10)+COUNTIFS($B$3:$B9,"Hire hunter",$C$3:$C9,C10)+COUNTIFS($B$3:$B9,"Forge/Scrapwork buy",$C$3:$C9,C10))),1),0),"Can't","OK"),IF(IFERROR(VLOOKUP(C10,Upgrades!$N$4:$T$47,2,FALSE),0)="mats","Can't","OK")))),"Check"))))) | F10: =IF(B10="","",IF(AND(B10="Fight boss",I9<IF((IFERROR(VLOOKUP(C10,Monsters!$T$4:$AH$15,15,FALSE),0))=0,120,IFERROR(VLOOKUP(C10,Monsters!$T$4:$AH$15,15,FALSE),0))),"Can't — need "&TEXT(IF((IFERROR(VLOOKUP(C10,Monsters!$T$4:$AH$15,15,FALSE),0))=0,120,IFERROR(VLOOKUP(C10,Monsters!$T$4:$AH$15,15,FALSE),0))-I9,"0.0")&" more Slayer points on the meter",IF(AND(B10="Hire hunter",C10="Briar",AD9>=1),"Can't — already hired",IF(AND(B10="Hire hunter",H9<IF(C10="Briar",140,IF(C10="Quill",3650,IF(C10="Moss",4850,IF(C10="Ember",12200,0))))),"Can't — need "&TEXT(IF(C10="Briar",140,IF(C10="Quill",3650,IF(C10="Moss",4850,IF(C10="Ember",12200,0))))-H9,"0")&" more gold",IF(AND(OR(B10="Buy upgrade",B10="Forge/Scrapwork buy"),IFERROR(VLOOKUP(C10,Upgrades!$N$4:$T$47,2,FALSE),0)="points"),"Can't — Sp-wallet spends not tracked here",IF(AND(OR(B10="Buy upgrade",B10="Forge/Scrapwork buy"),IFERROR(VLOOKUP(C10,Upgrades!$N$4:$T$47,2,FALSE),0)="gold",H9<IFERROR(FLOOR(IFERROR(VLOOKUP(C10,Upgrades!$N$4:$T$47,3,FALSE),0)*(IFERROR(VLOOKUP(C10,Upgrades!$N$4:$T$47,4,FALSE),0)^(COUNTIFS($B$3:$B9,"Buy upgrade",$C$3:$C9,C10)+COUNTIFS($B$3:$B9,"Hire hunter",$C$3:$C9,C10)+COUNTIFS($B$3:$B9,"Forge/Scrapwork buy",$C$3:$C9,C10))),1),0)),"Can't — need "&TEXT(IFERROR(FLOOR(IFERROR(VLOOKUP(C10,Upgrades!$N$4:$T$47,3,FALSE),0)*(IFERROR(VLOOKUP(C10,Upgrades!$N$4:$T$47,4,FALSE),0)^(COUNTIFS($B$3:$B9,"Buy upgrade",$C$3:$C9,C10)+COUNTIFS($B$3:$B9,"Hire hunter",$C$3:$C9,C10)+COUNTIFS($B$3:$B9,"Forge/Scrapwork buy",$C$3:$C9,C10))),1),0)-H9,"0")&" more gold",IF(AND(OR(B10="Buy upgrade",B10="Forge/Scrapwork buy"),IFERROR(VLOOKUP(C10,Upgrades!$N$4:$T$47,2,FALSE),0)="scraps",J9<IFERROR(FLOOR(IFERROR(VLOOKUP(C10,Upgrades!$N$4:$T$47,3,FALSE),0)*(IFERROR(VLOOKUP(C10,Upgrades!$N$4:$T$47,4,FALSE),0)^(COUNTIFS($B$3:$B9,"Buy upgrade",$C$3:$C9,C10)+COUNTIFS($B$3:$B9,"Hire hunter",$C$3:$C9,C10)+COUNTIFS($B$3:$B9,"Forge/Scrapwork buy",$C$3:$C9,C10))),1),0)),"Can't — need "&TEXT(IFERROR(FLOOR(IFERROR(VLOOKUP(C10,Upgrades!$N$4:$T$47,3,FALSE),0)*(IFERROR(VLOOKUP(C10,Upgrades!$N$4:$T$47,4,FALSE),0)^(COUNTIFS($B$3:$B9,"Buy upgrade",$C$3:$C9,C10)+COUNTIFS($B$3:$B9,"Hire hunter",$C$3:$C9,C10)+COUNTIFS($B$3:$B9,"Forge/Scrapwork buy",$C$3:$C9,C10))),1),0)-J9,"0")&" more scraps",IF(AND(B10="Fight boss",E10="OK",(IF((((105/'Rules & Formulas'!B10)*'Rules & Formulas'!B11+IF(AD9>=1,(MAX(1,ROUND('Rules & Formulas'!B18*(1+0.3*AE9)*(1+0.4*AF9),0)))*(1000/'Rules & Formulas'!B19)*MIN(0.95,'Rules & Formulas'!B20*SQRT(1+0.55*(AG9>=1))),0)))<=0,9999,(IFERROR(VLOOKUP(C10,Monsters!$T$4:$AH$15,2,FALSE),0))/(((105/'Rules & Formulas'!B10)*'Rules & Formulas'!B11+IF(AD9>=1,(MAX(1,ROUND('Rules & Formulas'!B18*(1+0.3*AE9)*(1+0.4*AF9),0)))*(1000/'Rules & Formulas'!B19)*MIN(0.95,'Rules & Formulas'!B20*SQRT(1+0.55*(AG9>=1))),0))))<='Rules & Formulas'!B12)),"WIN — boss down, next Level unlocks",IF(AND(B10="Fight boss",E10="OK"),"LOSE — TTK "&TEXT(IF((((105/'Rules & Formulas'!B10)*'Rules & Formulas'!B11+IF(AD9>=1,(MAX(1,ROUND('Rules & Formulas'!B18*(1+0.3*AE9)*(1+0.4*AF9),0)))*(1000/'Rules & Formulas'!B19)*MIN(0.95,'Rules & Formulas'!B20*SQRT(1+0.55*(AG9>=1))),0)))<=0,9999,(IFERROR(VLOOKUP(C10,Monsters!$T$4:$AH$15,2,FALSE),0))/(((105/'Rules & Formulas'!B10)*'Rules & Formulas'!B11+IF(AD9>=1,(MAX(1,ROUND('Rules & Formulas'!B18*(1+0.3*AE9)*(1+0.4*AF9),0)))*(1000/'Rules & Formulas'!B19)*MIN(0.95,'Rules & Formulas'!B20*SQRT(1+0.55*(AG9>=1))),0)))),"0")&"s > patience "&TEXT('Rules & Formulas'!B12,"0")&"s (leave resets HP)",IF(B10="Go AFK","AFK resolved (see AFK counted h)","Applied"))))))))) | G10: =IF(AND((E10="OK"),B10="Fight boss",(IF((((105/'Rules & Formulas'!B10)*'Rules & Formulas'!B11+IF(AD9>=1,(MAX(1,ROUND('Rules & Formulas'!B18*(1+0.3*AE9)*(1+0.4*AF9),0)))*(1000/'Rules & Formulas'!B19)*MIN(0.95,'Rules & Formulas'!B20*SQRT(1+0.55*(AG9>=1))),0)))<=0,9999,(IFERROR(VLOOKUP(C10,Monsters!$T$4:$AH$15,2,FALSE),0))/(((105/'Rules & Formulas'!B10)*'Rules & Formulas'!B11+IF(AD9>=1,(MAX(1,ROUND('Rules & Formulas'!B18*(1+0.3*AE9)*(1+0.4*AF9),0)))*(1000/'Rules & Formulas'!B19)*MIN(0.95,'Rules & Formulas'!B20*SQRT(1+0.55*(AG9>=1))),0))))<='Rules & Formulas'!B12),C10="Elder Thornpelt"),2,IF(AND((E10="OK"),B10="Fight boss",(IF((((105/'Rules & Formulas'!B10)*'Rules & Formulas'!B11+IF(AD9>=1,(MAX(1,ROUND('Rules & Formulas'!B18*(1+0.3*AE9)*(1+0.4*AF9),0)))*(1000/'Rules & Formulas'!B19)*MIN(0.95,'Rules & Formulas'!B20*SQRT(1+0.55*(AG9>=1))),0)))<=0,9999,(IFERROR(VLOOKUP(C10,Monsters!$T$4:$AH$15,2,FALSE),0))/(((105/'Rules & Formulas'!B10)*'Rules & Formulas'!B11+IF(AD9>=1,(MAX(1,ROUND('Rules & Formulas'!B18*(1+0.3*AE9)*(1+0.4*AF9),0)))*(1000/'Rules & Formulas'!B19)*MIN(0.95,'Rules & Formulas'!B20*SQRT(1+0.55*(AG9>=1))),0))))<='Rules & Formulas'!B12),C10="Ashfang Alpha"),3,G9)) | H10: =MAX(0,H9+IF(AND((E10="OK"),B10="Hunt"),(IF(B10="Hunt",(('Rules & Formulas'!B4*N9*('Rules & Formulas'!B5+O9)*IFERROR(VLOOKUP(C10,Monsters!$T$4:$AH$15,10,FALSE),0)*IFERROR(VLOOKUP(C10,Monsters!$T$4:$AH$15,9,FALSE),0))*'Rules & Formulas'!B6)*IF(D10="",0,D10),0))*(IFERROR(VLOOKUP(C10,Monsters!$T$4:$AH$15,3,FALSE),0))*(1+0.1*AH9)+(IF(OR(B10<>"Hunt",IFERROR(VLOOKUP(C10,Monsters!$T$4:$AH$15,6,FALSE),0)=0),0,FLOOR((IF(B10="Hunt",(('Rules & Formulas'!B4*N9*('Rules & Formulas'!B5+O9)*IFERROR(VLOOKUP(C10,Monsters!$T$4:$AH$15,10,FALSE),0)*IFERROR(VLOOKUP(C10,Monsters!$T$4:$AH$15,9,FALSE),0))*'Rules & Formulas'!B6)*IF(D10="",0,D10),0))/MAX(1,IFERROR(VLOOKUP(C10,Monsters!$T$4:$AH$15,6,FALSE),0)),1)))*(IFERROR(VLOOKUP(C10,Monsters!$T$4:$AH$15,7,FALSE),0))*0.5*(1+0.1*AH9),0)+IF(AND((E10="OK"),B10="Go AFK"),(IF(B10="Go AFK",MIN(IF((IF((IFERROR(VLOOKUP(C10,Monsters!$T$4:$AH$15,8,FALSE),0))=0,0.35,IFERROR(VLOOKUP(C10,Monsters!$T$4:$AH$15,8,FALSE),0))/(1+0.08*AK9))<=0,999999,FLOOR(MIN(('Rules & Formulas'!B15+25*AJ9),M9+('Rules & Formulas'!B14+0.4*AJ9)*(MIN(IF(B10="Go AFK",IF(D10="",0,D10),0),Z9/60)*60))/(IF((IFERROR(VLOOKUP(C10,Monsters!$T$4:$AH$15,8,FALSE),0))=0,0.35,IFERROR(VLOOKUP(C10,Monsters!$T$4:$AH$15,8,FALSE),0))/(1+0.08*AK9)),1)),('Rules & Formulas'!B4*N9*('Rules & Formulas'!B5+O9)*IFERROR(VLOOKUP(C10,Monsters!$T$4:$AH$15,10,FALSE),0)*IFERROR(VLOOKUP(C10,Monsters!$T$4:$AH$15,9,FALSE),0))*(MIN(IF(B10="Go AFK",IF(D10="",0,D10),0),Z9/60)*60)),0))*(IFERROR(VLOOKUP(C10,Monsters!$T$4:$AH$15,3,FALSE),0))*(1+0.1*AH9)+(IF(OR(B10<>"Go AFK",IFERROR(VLOOKUP(C10,Monsters!$T$4:$AH$15,6,FALSE),0)=0),0,FLOOR((IF(B10="Go AFK",MIN(IF((IF((IFERROR(VLOOKUP(C10,Monsters!$T$4:$AH$15,8,FALSE),0))=0,0.35,IFERROR(VLOOKUP(C10,Monsters!$T$4:$AH$15,8,FALSE),0))/(1+0.08*AK9))<=0,999999,FLOOR(MIN(('Rules & Formulas'!B15+25*AJ9),M9+('Rules & Formulas'!B14+0.4*AJ9)*(MIN(IF(B10="Go AFK",IF(D10="",0,D10),0),Z9/60)*60))/(IF((IFERROR(VLOOKUP(C10,Monsters!$T$4:$AH$15,8,FALSE),0))=0,0.35,IFERROR(VLOOKUP(C10,Monsters!$T$4:$AH$15,8,FALSE),0))/(1+0.08*AK9)),1)),('Rules & Formulas'!B4*N9*('Rules & Formulas'!B5+O9)*IFERROR(VLOOKUP(C10,Monsters!$T$4:$AH$15,10,FALSE),0)*IFERROR(VLOOKUP(C10,Monsters!$T$4:$AH$15,9,FALSE),0))*(MIN(IF(B10="Go AFK",IF(D10="",0,D10),0),Z9/60)*60)),0))/MAX(1,IFERROR(VLOOKUP(C10,Monsters!$T$4:$AH$15,6,FALSE),0)),1)))*(IFERROR(VLOOKUP(C10,Monsters!$T$4:$AH$15,7,FALSE),0))*0.5*(1+0.1*AH9),0)+IF(AND((E10="OK"),B10="Fight boss",(IF((((105/'Rules & Formulas'!B10)*'Rules & Formulas'!B11+IF(AD9>=1,(MAX(1,ROUND('Rules & Formulas'!B18*(1+0.3*AE9)*(1+0.4*AF9),0)))*(1000/'Rules & Formulas'!B19)*MIN(0.95,'Rules & Formulas'!B20*SQRT(1+0.55*(AG9>=1))),0)))<=0,9999,(IFERROR(VLOOKUP(C10,Monsters!$T$4:$AH$15,2,FALSE),0))/(((105/'Rules & Formulas'!B10)*'Rules & Formulas'!B11+IF(AD9>=1,(MAX(1,ROUND('Rules & Formulas'!B18*(1+0.3*AE9)*(1+0.4*AF9),0)))*(1000/'Rules & Formulas'!B19)*MIN(0.95,'Rules & Formulas'!B20*SQRT(1+0.55*(AG9>=1))),0))))<='Rules & Formulas'!B12)),IFERROR(VLOOKUP(C10,Monsters!$T$4:$AH$15,3,FALSE),0),0)-IF(AND((E10="OK"),OR(B10="Buy upgrade",B10="Forge/Scrapwork buy"),IFERROR(VLOOKUP(C10,Upgrades!$N$4:$T$47,2,FALSE),0)="gold"),IFERROR(FLOOR(IFERROR(VLOOKUP(C10,Upgrades!$N$4:$T$47,3,FALSE),0)*(IFERROR(VLOOKUP(C10,Upgrades!$N$4:$T$47,4,FALSE),0)^(COUNTIFS($B$3:$B9,"Buy upgrade",$C$3:$C9,C10)+COUNTIFS($B$3:$B9,"Hire hunter",$C$3:$C9,C10)+COUNTIFS($B$3:$B9,"Forge/Scrapwork buy",$C$3:$C9,C10))),1),0),0)-IF(AND((E10="OK"),B10="Hire hunter"),IF(C10="Briar",140,IF(C10="Quill",3650,IF(C10="Moss",4850,IF(C10="Ember",12200,0)))),0)) | I10: =IF(AND((E10="OK"),B10="Fight boss",(IF((((105/'Rules & Formulas'!B10)*'Rules & Formulas'!B11+IF(AD9>=1,(MAX(1,ROUND('Rules & Formulas'!B18*(1+0.3*AE9)*(1+0.4*AF9),0)))*(1000/'Rules & Formulas'!B19)*MIN(0.95,'Rules & Formulas'!B20*SQRT(1+0.55*(AG9>=1))),0)))<=0,9999,(IFERROR(VLOOKUP(C10,Monsters!$T$4:$AH$15,2,FALSE),0))/(((105/'Rules & Formulas'!B10)*'Rules & Formulas'!B11+IF(AD9>=1,(MAX(1,ROUND('Rules & Formulas'!B18*(1+0.3*AE9)*(1+0.4*AF9),0)))*(1000/'Rules & Formulas'!B19)*MIN(0.95,'Rules & Formulas'!B20*SQRT(1+0.55*(AG9>=1))),0))))<='Rules & Formulas'!B12)),0,MIN(IF(G9<=1,120,IF(G9=2,280,600)),I9+IF(AND((E10="OK"),B10="Hunt"),((IF(B10="Hunt",(('Rules & Formulas'!B4*N9*('Rules & Formulas'!B5+O9)*IFERROR(VLOOKUP(C10,Monsters!$T$4:$AH$15,10,FALSE),0)*IFERROR(VLOOKUP(C10,Monsters!$T$4:$AH$15,9,FALSE),0))*'Rules & Formulas'!B6)*IF(D10="",0,D10),0))*(IFERROR(VLOOKUP(C10,Monsters!$T$4:$AH$15,4,FALSE),0))+(IF(OR(B10<>"Hunt",IFERROR(VLOOKUP(C10,Monsters!$T$4:$AH$15,6,FALSE),0)=0),0,FLOOR((IF(B10="Hunt",(('Rules & Formulas'!B4*N9*('Rules & Formulas'!B5+O9)*IFERROR(VLOOKUP(C10,Monsters!$T$4:$AH$15,10,FALSE),0)*IFERROR(VLOOKUP(C10,Monsters!$T$4:$AH$15,9,FALSE),0))*'Rules & Formulas'!B6)*IF(D10="",0,D10),0))/MAX(1,IFERROR(VLOOKUP(C10,Monsters!$T$4:$AH$15,6,FALSE),0)),1)))*(IFERROR(VLOOKUP(C10,Monsters!$T$4:$AH$15,7,FALSE),0))),0)+IF(AND((E10="OK"),B10="Go AFK"),((IF(B10="Go AFK",MIN(IF((IF((IFERROR(VLOOKUP(C10,Monsters!$T$4:$AH$15,8,FALSE),0))=0,0.35,IFERROR(VLOOKUP(C10,Monsters!$T$4:$AH$15,8,FALSE),0))/(1+0.08*AK9))<=0,999999,FLOOR(MIN(('Rules & Formulas'!B15+25*AJ9),M9+('Rules & Formulas'!B14+0.4*AJ9)*(MIN(IF(B10="Go AFK",IF(D10="",0,D10),0),Z9/60)*60))/(IF((IFERROR(VLOOKUP(C10,Monsters!$T$4:$AH$15,8,FALSE),0))=0,0.35,IFERROR(VLOOKUP(C10,Monsters!$T$4:$AH$15,8,FALSE),0))/(1+0.08*AK9)),1)),('Rules & Formulas'!B4*N9*('Rules & Formulas'!B5+O9)*IFERROR(VLOOKUP(C10,Monsters!$T$4:$AH$15,10,FALSE),0)*IFERROR(VLOOKUP(C10,Monsters!$T$4:$AH$15,9,FALSE),0))*(MIN(IF(B10="Go AFK",IF(D10="",0,D10),0),Z9/60)*60)),0))*(IFERROR(VLOOKUP(C10,Monsters!$T$4:$AH$15,4,FALSE),0))+(IF(OR(B10<>"Go AFK",IFERROR(VLOOKUP(C10,Monsters!$T$4:$AH$15,6,FALSE),0)=0),0,FLOOR((IF(B10="Go AFK",MIN(IF((IF((IFERROR(VLOOKUP(C10,Monsters!$T$4:$AH$15,8,FALSE),0))=0,0.35,IFERROR(VLOOKUP(C10,Monsters!$T$4:$AH$15,8,FALSE),0))/(1+0.08*AK9))<=0,999999,FLOOR(MIN(('Rules & Formulas'!B15+25*AJ9),M9+('Rules & Formulas'!B14+0.4*AJ9)*(MIN(IF(B10="Go AFK",IF(D10="",0,D10),0),Z9/60)*60))/(IF((IFERROR(VLOOKUP(C10,Monsters!$T$4:$AH$15,8,FALSE),0))=0,0.35,IFERROR(VLOOKUP(C10,Monsters!$T$4:$AH$15,8,FALSE),0))/(1+0.08*AK9)),1)),('Rules & Formulas'!B4*N9*('Rules & Formulas'!B5+O9)*IFERROR(VLOOKUP(C10,Monsters!$T$4:$AH$15,10,FALSE),0)*IFERROR(VLOOKUP(C10,Monsters!$T$4:$AH$15,9,FALSE),0))*(MIN(IF(B10="Go AFK",IF(D10="",0,D10),0),Z9/60)*60)),0))/MAX(1,IFERROR(VLOOKUP(C10,Monsters!$T$4:$AH$15,6,FALSE),0)),1)))*(IFERROR(VLOOKUP(C10,Monsters!$T$4:$AH$15,7,FALSE),0))),0))) | J10: =MAX(0,J9+IF(AND((E10="OK"),B10="Hunt"),(IF(B10="Hunt",(('Rules & Formulas'!B4*N9*('Rules & Formulas'!B5+O9)*IFERROR(VLOOKUP(C10,Monsters!$T$4:$AH$15,10,FALSE),0)*IFERROR(VLOOKUP(C10,Monsters!$T$4:$AH$15,9,FALSE),0))*'Rules & Formulas'!B6)*IF(D10="",0,D10),0))*(IFERROR(VLOOKUP(C10,Monsters!$T$4:$AH$15,5,FALSE),0)),0)+IF(AND((E10="OK"),B10="Go AFK"),(IF(B10="Go AFK",MIN(IF((IF((IFERROR(VLOOKUP(C10,Monsters!$T$4:$AH$15,8,FALSE),0))=0,0.35,IFERROR(VLOOKUP(C10,Monsters!$T$4:$AH$15,8,FALSE),0))/(1+0.08*AK9))<=0,999999,FLOOR(MIN(('Rules & Formulas'!B15+25*AJ9),M9+('Rules & Formulas'!B14+0.4*AJ9)*(MIN(IF(B10="Go AFK",IF(D10="",0,D10),0),Z9/60)*60))/(IF((IFERROR(VLOOKUP(C10,Monsters!$T$4:$AH$15,8,FALSE),0))=0,0.35,IFERROR(VLOOKUP(C10,Monsters!$T$4:$AH$15,8,FALSE),0))/(1+0.08*AK9)),1)),('Rules & Formulas'!B4*N9*('Rules & Formulas'!B5+O9)*IFERROR(VLOOKUP(C10,Monsters!$T$4:$AH$15,10,FALSE),0)*IFERROR(VLOOKUP(C10,Monsters!$T$4:$AH$15,9,FALSE),0))*(MIN(IF(B10="Go AFK",IF(D10="",0,D10),0),Z9/60)*60)),0))*(IFERROR(VLOOKUP(C10,Monsters!$T$4:$AH$15,5,FALSE),0)),0)-IF(AND((E10="OK"),OR(B10="Buy upgrade",B10="Forge/Scrapwork buy"),IFERROR(VLOOKUP(C10,Upgrades!$N$4:$T$47,2,FALSE),0)="scraps"),IFERROR(FLOOR(IFERROR(VLOOKUP(C10,Upgrades!$N$4:$T$47,3,FALSE),0)*(IFERROR(VLOOKUP(C10,Upgrades!$N$4:$T$47,4,FALSE),0)^(COUNTIFS($B$3:$B9,"Buy upgrade",$C$3:$C9,C10)+COUNTIFS($B$3:$B9,"Hire hunter",$C$3:$C9,C10)+COUNTIFS($B$3:$B9,"Forge/Scrapwork buy",$C$3:$C9,C10))),1),0),0)) | K10: =MAX(0,K9+IF(AND((E10="OK"),B10="Hunt"),IF(C10="Thornpelt Bear",(IF(B10="Hunt",(('Rules & Formulas'!B4*N9*('Rules & Formulas'!B5+O9)*IFERROR(VLOOKUP(C10,Monsters!$T$4:$AH$15,10,FALSE),0)*IFERROR(VLOOKUP(C10,Monsters!$T$4:$AH$15,9,FALSE),0))*'Rules & Formulas'!B6)*IF(D10="",0,D10),0))*0.12,0),0)+IF(AND((E10="OK"),B10="Go AFK"),IF(C10="Thornpelt Bear",(IF(B10="Go AFK",MIN(IF((IF((IFERROR(VLOOKUP(C10,Monsters!$T$4:$AH$15,8,FALSE),0))=0,0.35,IFERROR(VLOOKUP(C10,Monsters!$T$4:$AH$15,8,FALSE),0))/(1+0.08*AK9))<=0,999999,FLOOR(MIN(('Rules & Formulas'!B15+25*AJ9),M9+('Rules & Formulas'!B14+0.4*AJ9)*(MIN(IF(B10="Go AFK",IF(D10="",0,D10),0),Z9/60)*60))/(IF((IFERROR(VLOOKUP(C10,Monsters!$T$4:$AH$15,8,FALSE),0))=0,0.35,IFERROR(VLOOKUP(C10,Monsters!$T$4:$AH$15,8,FALSE),0))/(1+0.08*AK9)),1)),('Rules & Formulas'!B4*N9*('Rules & Formulas'!B5+O9)*IFERROR(VLOOKUP(C10,Monsters!$T$4:$AH$15,10,FALSE),0)*IFERROR(VLOOKUP(C10,Monsters!$T$4:$AH$15,9,FALSE),0))*(MIN(IF(B10="Go AFK",IF(D10="",0,D10),0),Z9/60)*60)),0))*0.12,0),0)) | L10: =MAX(0,L9+IF(AND((E10="OK"),B10="Hunt"),IF(C10="Dire Thornpelt",(IF(B10="Hunt",(('Rules & Formulas'!B4*N9*('Rules & Formulas'!B5+O9)*IFERROR(VLOOKUP(C10,Monsters!$T$4:$AH$15,10,FALSE),0)*IFERROR(VLOOKUP(C10,Monsters!$T$4:$AH$15,9,FALSE),0))*'Rules & Formulas'!B6)*IF(D10="",0,D10),0))*0.1,0),0)+IF(AND((E10="OK"),B10="Go AFK"),IF(C10="Dire Thornpelt",(IF(B10="Go AFK",MIN(IF((IF((IFERROR(VLOOKUP(C10,Monsters!$T$4:$AH$15,8,FALSE),0))=0,0.35,IFERROR(VLOOKUP(C10,Monsters!$T$4:$AH$15,8,FALSE),0))/(1+0.08*AK9))<=0,999999,FLOOR(MIN(('Rules & Formulas'!B15+25*AJ9),M9+('Rules & Formulas'!B14+0.4*AJ9)*(MIN(IF(B10="Go AFK",IF(D10="",0,D10),0),Z9/60)*60))/(IF((IFERROR(VLOOKUP(C10,Monsters!$T$4:$AH$15,8,FALSE),0))=0,0.35,IFERROR(VLOOKUP(C10,Monsters!$T$4:$AH$15,8,FALSE),0))/(1+0.08*AK9)),1)),('Rules & Formulas'!B4*N9*('Rules & Formulas'!B5+O9)*IFERROR(VLOOKUP(C10,Monsters!$T$4:$AH$15,10,FALSE),0)*IFERROR(VLOOKUP(C10,Monsters!$T$4:$AH$15,9,FALSE),0))*(MIN(IF(B10="Go AFK",IF(D10="",0,D10),0),Z9/60)*60)),0))*0.1,0),0)) | M10: =IF(AND((E10="OK"),B10="Go AFK"),MAX(0,MIN(('Rules & Formulas'!B15+25*AJ9),M9+('Rules & Formulas'!B14+0.4*AJ9)*(MIN(IF(B10="Go AFK",IF(D10="",0,D10),0),Z9/60)*60))-(IF(B10="Go AFK",MIN(IF((IF((IFERROR(VLOOKUP(C10,Monsters!$T$4:$AH$15,8,FALSE),0))=0,0.35,IFERROR(VLOOKUP(C10,Monsters!$T$4:$AH$15,8,FALSE),0))/(1+0.08*AK9))<=0,999999,FLOOR(MIN(('Rules & Formulas'!B15+25*AJ9),M9+('Rules & Formulas'!B14+0.4*AJ9)*(MIN(IF(B10="Go AFK",IF(D10="",0,D10),0),Z9/60)*60))/(IF((IFERROR(VLOOKUP(C10,Monsters!$T$4:$AH$15,8,FALSE),0))=0,0.35,IFERROR(VLOOKUP(C10,Monsters!$T$4:$AH$15,8,FALSE),0))/(1+0.08*AK9)),1)),('Rules & Formulas'!B4*N9*('Rules & Formulas'!B5+O9)*IFERROR(VLOOKUP(C10,Monsters!$T$4:$AH$15,10,FALSE),0)*IFERROR(VLOOKUP(C10,Monsters!$T$4:$AH$15,9,FALSE),0))*(MIN(IF(B10="Go AFK",IF(D10="",0,D10),0),Z9/60)*60)),0))*(IF((IFERROR(VLOOKUP(C10,Monsters!$T$4:$AH$15,8,FALSE),0))=0,0.35,IFERROR(VLOOKUP(C10,Monsters!$T$4:$AH$15,8,FALSE),0))/(1+0.08*AK9))),MIN(('Rules & Formulas'!B15+25*AJ10),M9)) | N10: =(1+0.08+0.12*AA10+0.12*AB10+0.16*AC10) | O10: =((AD10>=1)*1*(1+0.3*AE10)) | P10: =IF(OR(B10="Hunt",B10="Go AFK"),(('Rules & Formulas'!B4*N9*('Rules & Formulas'!B5+O9)*IFERROR(VLOOKUP(C10,Monsters!$T$4:$AH$15,10,FALSE),0)*IFERROR(VLOOKUP(C10,Monsters!$T$4:$AH$15,9,FALSE),0))*'Rules & Formulas'!B6),"") | Q10: =IF(OR(B10="Hunt",B10="Go AFK"),('Rules & Formulas'!B4*N9*('Rules & Formulas'!B5+O9)*IFERROR(VLOOKUP(C10,Monsters!$T$4:$AH$15,10,FALSE),0)*IFERROR(VLOOKUP(C10,Monsters!$T$4:$AH$15,9,FALSE),0)),"") | R10: =IF(AND((E10="OK"),B10="Hunt"),IF(B10="Hunt",(('Rules & Formulas'!B4*N9*('Rules & Formulas'!B5+O9)*IFERROR(VLOOKUP(C10,Monsters!$T$4:$AH$15,10,FALSE),0)*IFERROR(VLOOKUP(C10,Monsters!$T$4:$AH$15,9,FALSE),0))*'Rules & Formulas'!B6)*IF(D10="",0,D10),0),IF(AND((E10="OK"),B10="Go AFK"),IF(B10="Go AFK",MIN(IF((IF((IFERROR(VLOOKUP(C10,Monsters!$T$4:$AH$15,8,FALSE),0))=0,0.35,IFERROR(VLOOKUP(C10,Monsters!$T$4:$AH$15,8,FALSE),0))/(1+0.08*AK9))<=0,999999,FLOOR(MIN(('Rules & Formulas'!B15+25*AJ9),M9+('Rules & Formulas'!B14+0.4*AJ9)*(MIN(IF(B10="Go AFK",IF(D10="",0,D10),0),Z9/60)*60))/(IF((IFERROR(VLOOKUP(C10,Monsters!$T$4:$AH$15,8,FALSE),0))=0,0.35,IFERROR(VLOOKUP(C10,Monsters!$T$4:$AH$15,8,FALSE),0))/(1+0.08*AK9)),1)),('Rules & Formulas'!B4*N9*('Rules & Formulas'!B5+O9)*IFERROR(VLOOKUP(C10,Monsters!$T$4:$AH$15,10,FALSE),0)*IFERROR(VLOOKUP(C10,Monsters!$T$4:$AH$15,9,FALSE),0))*(MIN(IF(B10="Go AFK",IF(D10="",0,D10),0),Z9/60)*60)),0),0)) | S10: =(105/'Rules & Formulas'!B10)*'Rules & Formulas'!B11 | T10: =IF(AD9>=1,(MAX(1,ROUND('Rules & Formulas'!B18*(1+0.3*AE9)*(1+0.4*AF9),0)))*(1000/'Rules & Formulas'!B19)*MIN(0.95,'Rules & Formulas'!B20*SQRT(1+0.55*(AG9>=1))),0) | U10: =S10+T10 | V10: =IF(I9>=IF((IFERROR(VLOOKUP(C10,Monsters!$T$4:$AH$15,15,FALSE),0))=0,120,IFERROR(VLOOKUP(C10,Monsters!$T$4:$AH$15,15,FALSE),0)),"YES","no") | W10: =IF(AND(B10="Fight boss",E10="OK"),IF((((105/'Rules & Formulas'!B10)*'Rules & Formulas'!B11+IF(AD9>=1,(MAX(1,ROUND('Rules & Formulas'!B18*(1+0.3*AE9)*(1+0.4*AF9),0)))*(1000/'Rules & Formulas'!B19)*MIN(0.95,'Rules & Formulas'!B20*SQRT(1+0.55*(AG9>=1))),0)))<=0,9999,(IFERROR(VLOOKUP(C10,Monsters!$T$4:$AH$15,2,FALSE),0))/(((105/'Rules & Formulas'!B10)*'Rules & Formulas'!B11+IF(AD9>=1,(MAX(1,ROUND('Rules & Formulas'!B18*(1+0.3*AE9)*(1+0.4*AF9),0)))*(1000/'Rules & Formulas'!B19)*MIN(0.95,'Rules & Formulas'!B20*SQRT(1+0.55*(AG9>=1))),0)))),"") | X10: =IF(AND(B10="Fight boss",E10="OK"),IF((IF((((105/'Rules & Formulas'!B10)*'Rules & Formulas'!B11+IF(AD9>=1,(MAX(1,ROUND('Rules & Formulas'!B18*(1+0.3*AE9)*(1+0.4*AF9),0)))*(1000/'Rules & Formulas'!B19)*MIN(0.95,'Rules & Formulas'!B20*SQRT(1+0.55*(AG9>=1))),0)))<=0,9999,(IFERROR(VLOOKUP(C10,Monsters!$T$4:$AH$15,2,FALSE),0))/(((105/'Rules & Formulas'!B10)*'Rules & Formulas'!B11+IF(AD9>=1,(MAX(1,ROUND('Rules & Formulas'!B18*(1+0.3*AE9)*(1+0.4*AF9),0)))*(1000/'Rules & Formulas'!B19)*MIN(0.95,'Rules & Formulas'!B20*SQRT(1+0.55*(AG9>=1))),0))))<='Rules & Formulas'!B12),"WIN","LOSE"),"") | Y10: =IF(B10="Go AFK",MIN(IF(B10="Go AFK",IF(D10="",0,D10),0),Z9/60),"") | Z10: =('Rules & Formulas'!B13+30*AI10) | AA10: =COUNTIFS($B$3:$B10,"Buy upgrade",$C$3:$C10,"Idle Power") | AB10: =COUNTIFS($B$3:$B10,"Buy upgrade",$C$3:$C10,"Iron Blade") | AC10: =COUNTIFS($B$3:$B10,"Buy upgrade",$C$3:$C10,"Steel Blade") | AD10: =COUNTIFS($B$3:$B10,"Hire hunter",$C$3:$C10,"Briar")+COUNTIFS($B$3:$B10,"Buy upgrade",$C$3:$C10,"Hire Briar") | AE10: =COUNTIFS($B$3:$B10,"Buy upgrade",$C$3:$C10,"Hunter Power") | AF10: =COUNTIFS($B$3:$B10,"Buy upgrade",$C$3:$C10,"Bigger Hits") | AG10: =COUNTIFS($B$3:$B10,"Buy upgrade",$C$3:$C10,"Swift Walk") | AH10: =COUNTIFS($B$3:$B10,"Buy upgrade",$C$3:$C10,"Loot Luck") | AI10: =COUNTIFS($B$3:$B10,"Buy upgrade",$C$3:$C10,"Offline Cap") | AJ10: =COUNTIFS($B$3:$B10,"Buy upgrade",$C$3:$C10,"Bigger Food Stock") | AK10: =COUNTIFS($B$3:$B10,"Buy upgrade",$C$3:$C10,"Food Efficiency")
A11: 9 | B11: Fight boss | C11: Elder Thornpelt | E11: =IF(B11="","",IF(OR(B11="Hunt",B11="Go AFK"),IF(C11="","Can't","OK"),IF(B11="Fight boss",IF(I10<IF((IFERROR(VLOOKUP(C11,Monsters!$T$4:$AH$15,15,FALSE),0))=0,120,IFERROR(VLOOKUP(C11,Monsters!$T$4:$AH$15,15,FALSE),0)),"Can't","OK"),IF(B11="Hire hunter",IF(AND(C11="Briar",AD10>=1),"Can't",IF(H10<IF(C11="Briar",140,IF(C11="Quill",3650,IF(C11="Moss",4850,IF(C11="Ember",12200,0)))),"Can't","OK")),IF(OR(B11="Buy upgrade",B11="Forge/Scrapwork buy"),IF(IFERROR(VLOOKUP(C11,Upgrades!$N$4:$T$47,2,FALSE),0)="points","Can't",IF(IFERROR(VLOOKUP(C11,Upgrades!$N$4:$T$47,2,FALSE),0)="gold",IF(H10<IFERROR(FLOOR(IFERROR(VLOOKUP(C11,Upgrades!$N$4:$T$47,3,FALSE),0)*(IFERROR(VLOOKUP(C11,Upgrades!$N$4:$T$47,4,FALSE),0)^(COUNTIFS($B$3:$B10,"Buy upgrade",$C$3:$C10,C11)+COUNTIFS($B$3:$B10,"Hire hunter",$C$3:$C10,C11)+COUNTIFS($B$3:$B10,"Forge/Scrapwork buy",$C$3:$C10,C11))),1),0),"Can't","OK"),IF(IFERROR(VLOOKUP(C11,Upgrades!$N$4:$T$47,2,FALSE),0)="scraps",IF(J10<IFERROR(FLOOR(IFERROR(VLOOKUP(C11,Upgrades!$N$4:$T$47,3,FALSE),0)*(IFERROR(VLOOKUP(C11,Upgrades!$N$4:$T$47,4,FALSE),0)^(COUNTIFS($B$3:$B10,"Buy upgrade",$C$3:$C10,C11)+COUNTIFS($B$3:$B10,"Hire hunter",$C$3:$C10,C11)+COUNTIFS($B$3:$B10,"Forge/Scrapwork buy",$C$3:$C10,C11))),1),0),"Can't","OK"),IF(IFERROR(VLOOKUP(C11,Upgrades!$N$4:$T$47,2,FALSE),0)="mats","Can't","OK")))),"Check"))))) | F11: =IF(B11="","",IF(AND(B11="Fight boss",I10<IF((IFERROR(VLOOKUP(C11,Monsters!$T$4:$AH$15,15,FALSE),0))=0,120,IFERROR(VLOOKUP(C11,Monsters!$T$4:$AH$15,15,FALSE),0))),"Can't — need "&TEXT(IF((IFERROR(VLOOKUP(C11,Monsters!$T$4:$AH$15,15,FALSE),0))=0,120,IFERROR(VLOOKUP(C11,Monsters!$T$4:$AH$15,15,FALSE),0))-I10,"0.0")&" more Slayer points on the meter",IF(AND(B11="Hire hunter",C11="Briar",AD10>=1),"Can't — already hired",IF(AND(B11="Hire hunter",H10<IF(C11="Briar",140,IF(C11="Quill",3650,IF(C11="Moss",4850,IF(C11="Ember",12200,0))))),"Can't — need "&TEXT(IF(C11="Briar",140,IF(C11="Quill",3650,IF(C11="Moss",4850,IF(C11="Ember",12200,0))))-H10,"0")&" more gold",IF(AND(OR(B11="Buy upgrade",B11="Forge/Scrapwork buy"),IFERROR(VLOOKUP(C11,Upgrades!$N$4:$T$47,2,FALSE),0)="points"),"Can't — Sp-wallet spends not tracked here",IF(AND(OR(B11="Buy upgrade",B11="Forge/Scrapwork buy"),IFERROR(VLOOKUP(C11,Upgrades!$N$4:$T$47,2,FALSE),0)="gold",H10<IFERROR(FLOOR(IFERROR(VLOOKUP(C11,Upgrades!$N$4:$T$47,3,FALSE),0)*(IFERROR(VLOOKUP(C11,Upgrades!$N$4:$T$47,4,FALSE),0)^(COUNTIFS($B$3:$B10,"Buy upgrade",$C$3:$C10,C11)+COUNTIFS($B$3:$B10,"Hire hunter",$C$3:$C10,C11)+COUNTIFS($B$3:$B10,"Forge/Scrapwork buy",$C$3:$C10,C11))),1),0)),"Can't — need "&TEXT(IFERROR(FLOOR(IFERROR(VLOOKUP(C11,Upgrades!$N$4:$T$47,3,FALSE),0)*(IFERROR(VLOOKUP(C11,Upgrades!$N$4:$T$47,4,FALSE),0)^(COUNTIFS($B$3:$B10,"Buy upgrade",$C$3:$C10,C11)+COUNTIFS($B$3:$B10,"Hire hunter",$C$3:$C10,C11)+COUNTIFS($B$3:$B10,"Forge/Scrapwork buy",$C$3:$C10,C11))),1),0)-H10,"0")&" more gold",IF(AND(OR(B11="Buy upgrade",B11="Forge/Scrapwork buy"),IFERROR(VLOOKUP(C11,Upgrades!$N$4:$T$47,2,FALSE),0)="scraps",J10<IFERROR(FLOOR(IFERROR(VLOOKUP(C11,Upgrades!$N$4:$T$47,3,FALSE),0)*(IFERROR(VLOOKUP(C11,Upgrades!$N$4:$T$47,4,FALSE),0)^(COUNTIFS($B$3:$B10,"Buy upgrade",$C$3:$C10,C11)+COUNTIFS($B$3:$B10,"Hire hunter",$C$3:$C10,C11)+COUNTIFS($B$3:$B10,"Forge/Scrapwork buy",$C$3:$C10,C11))),1),0)),"Can't — need "&TEXT(IFERROR(FLOOR(IFERROR(VLOOKUP(C11,Upgrades!$N$4:$T$47,3,FALSE),0)*(IFERROR(VLOOKUP(C11,Upgrades!$N$4:$T$47,4,FALSE),0)^(COUNTIFS($B$3:$B10,"Buy upgrade",$C$3:$C10,C11)+COUNTIFS($B$3:$B10,"Hire hunter",$C$3:$C10,C11)+COUNTIFS($B$3:$B10,"Forge/Scrapwork buy",$C$3:$C10,C11))),1),0)-J10,"0")&" more scraps",IF(AND(B11="Fight boss",E11="OK",(IF((((105/'Rules & Formulas'!B10)*'Rules & Formulas'!B11+IF(AD10>=1,(MAX(1,ROUND('Rules & Formulas'!B18*(1+0.3*AE10)*(1+0.4*AF10),0)))*(1000/'Rules & Formulas'!B19)*MIN(0.95,'Rules & Formulas'!B20*SQRT(1+0.55*(AG10>=1))),0)))<=0,9999,(IFERROR(VLOOKUP(C11,Monsters!$T$4:$AH$15,2,FALSE),0))/(((105/'Rules & Formulas'!B10)*'Rules & Formulas'!B11+IF(AD10>=1,(MAX(1,ROUND('Rules & Formulas'!B18*(1+0.3*AE10)*(1+0.4*AF10),0)))*(1000/'Rules & Formulas'!B19)*MIN(0.95,'Rules & Formulas'!B20*SQRT(1+0.55*(AG10>=1))),0))))<='Rules & Formulas'!B12)),"WIN — boss down, next Level unlocks",IF(AND(B11="Fight boss",E11="OK"),"LOSE — TTK "&TEXT(IF((((105/'Rules & Formulas'!B10)*'Rules & Formulas'!B11+IF(AD10>=1,(MAX(1,ROUND('Rules & Formulas'!B18*(1+0.3*AE10)*(1+0.4*AF10),0)))*(1000/'Rules & Formulas'!B19)*MIN(0.95,'Rules & Formulas'!B20*SQRT(1+0.55*(AG10>=1))),0)))<=0,9999,(IFERROR(VLOOKUP(C11,Monsters!$T$4:$AH$15,2,FALSE),0))/(((105/'Rules & Formulas'!B10)*'Rules & Formulas'!B11+IF(AD10>=1,(MAX(1,ROUND('Rules & Formulas'!B18*(1+0.3*AE10)*(1+0.4*AF10),0)))*(1000/'Rules & Formulas'!B19)*MIN(0.95,'Rules & Formulas'!B20*SQRT(1+0.55*(AG10>=1))),0)))),"0")&"s > patience "&TEXT('Rules & Formulas'!B12,"0")&"s (leave resets HP)",IF(B11="Go AFK","AFK resolved (see AFK counted h)","Applied"))))))))) | G11: =IF(AND((E11="OK"),B11="Fight boss",(IF((((105/'Rules & Formulas'!B10)*'Rules & Formulas'!B11+IF(AD10>=1,(MAX(1,ROUND('Rules & Formulas'!B18*(1+0.3*AE10)*(1+0.4*AF10),0)))*(1000/'Rules & Formulas'!B19)*MIN(0.95,'Rules & Formulas'!B20*SQRT(1+0.55*(AG10>=1))),0)))<=0,9999,(IFERROR(VLOOKUP(C11,Monsters!$T$4:$AH$15,2,FALSE),0))/(((105/'Rules & Formulas'!B10)*'Rules & Formulas'!B11+IF(AD10>=1,(MAX(1,ROUND('Rules & Formulas'!B18*(1+0.3*AE10)*(1+0.4*AF10),0)))*(1000/'Rules & Formulas'!B19)*MIN(0.95,'Rules & Formulas'!B20*SQRT(1+0.55*(AG10>=1))),0))))<='Rules & Formulas'!B12),C11="Elder Thornpelt"),2,IF(AND((E11="OK"),B11="Fight boss",(IF((((105/'Rules & Formulas'!B10)*'Rules & Formulas'!B11+IF(AD10>=1,(MAX(1,ROUND('Rules & Formulas'!B18*(1+0.3*AE10)*(1+0.4*AF10),0)))*(1000/'Rules & Formulas'!B19)*MIN(0.95,'Rules & Formulas'!B20*SQRT(1+0.55*(AG10>=1))),0)))<=0,9999,(IFERROR(VLOOKUP(C11,Monsters!$T$4:$AH$15,2,FALSE),0))/(((105/'Rules & Formulas'!B10)*'Rules & Formulas'!B11+IF(AD10>=1,(MAX(1,ROUND('Rules & Formulas'!B18*(1+0.3*AE10)*(1+0.4*AF10),0)))*(1000/'Rules & Formulas'!B19)*MIN(0.95,'Rules & Formulas'!B20*SQRT(1+0.55*(AG10>=1))),0))))<='Rules & Formulas'!B12),C11="Ashfang Alpha"),3,G10)) | H11: =MAX(0,H10+IF(AND((E11="OK"),B11="Hunt"),(IF(B11="Hunt",(('Rules & Formulas'!B4*N10*('Rules & Formulas'!B5+O10)*IFERROR(VLOOKUP(C11,Monsters!$T$4:$AH$15,10,FALSE),0)*IFERROR(VLOOKUP(C11,Monsters!$T$4:$AH$15,9,FALSE),0))*'Rules & Formulas'!B6)*IF(D11="",0,D11),0))*(IFERROR(VLOOKUP(C11,Monsters!$T$4:$AH$15,3,FALSE),0))*(1+0.1*AH10)+(IF(OR(B11<>"Hunt",IFERROR(VLOOKUP(C11,Monsters!$T$4:$AH$15,6,FALSE),0)=0),0,FLOOR((IF(B11="Hunt",(('Rules & Formulas'!B4*N10*('Rules & Formulas'!B5+O10)*IFERROR(VLOOKUP(C11,Monsters!$T$4:$AH$15,10,FALSE),0)*IFERROR(VLOOKUP(C11,Monsters!$T$4:$AH$15,9,FALSE),0))*'Rules & Formulas'!B6)*IF(D11="",0,D11),0))/MAX(1,IFERROR(VLOOKUP(C11,Monsters!$T$4:$AH$15,6,FALSE),0)),1)))*(IFERROR(VLOOKUP(C11,Monsters!$T$4:$AH$15,7,FALSE),0))*0.5*(1+0.1*AH10),0)+IF(AND((E11="OK"),B11="Go AFK"),(IF(B11="Go AFK",MIN(IF((IF((IFERROR(VLOOKUP(C11,Monsters!$T$4:$AH$15,8,FALSE),0))=0,0.35,IFERROR(VLOOKUP(C11,Monsters!$T$4:$AH$15,8,FALSE),0))/(1+0.08*AK10))<=0,999999,FLOOR(MIN(('Rules & Formulas'!B15+25*AJ10),M10+('Rules & Formulas'!B14+0.4*AJ10)*(MIN(IF(B11="Go AFK",IF(D11="",0,D11),0),Z10/60)*60))/(IF((IFERROR(VLOOKUP(C11,Monsters!$T$4:$AH$15,8,FALSE),0))=0,0.35,IFERROR(VLOOKUP(C11,Monsters!$T$4:$AH$15,8,FALSE),0))/(1+0.08*AK10)),1)),('Rules & Formulas'!B4*N10*('Rules & Formulas'!B5+O10)*IFERROR(VLOOKUP(C11,Monsters!$T$4:$AH$15,10,FALSE),0)*IFERROR(VLOOKUP(C11,Monsters!$T$4:$AH$15,9,FALSE),0))*(MIN(IF(B11="Go AFK",IF(D11="",0,D11),0),Z10/60)*60)),0))*(IFERROR(VLOOKUP(C11,Monsters!$T$4:$AH$15,3,FALSE),0))*(1+0.1*AH10)+(IF(OR(B11<>"Go AFK",IFERROR(VLOOKUP(C11,Monsters!$T$4:$AH$15,6,FALSE),0)=0),0,FLOOR((IF(B11="Go AFK",MIN(IF((IF((IFERROR(VLOOKUP(C11,Monsters!$T$4:$AH$15,8,FALSE),0))=0,0.35,IFERROR(VLOOKUP(C11,Monsters!$T$4:$AH$15,8,FALSE),0))/(1+0.08*AK10))<=0,999999,FLOOR(MIN(('Rules & Formulas'!B15+25*AJ10),M10+('Rules & Formulas'!B14+0.4*AJ10)*(MIN(IF(B11="Go AFK",IF(D11="",0,D11),0),Z10/60)*60))/(IF((IFERROR(VLOOKUP(C11,Monsters!$T$4:$AH$15,8,FALSE),0))=0,0.35,IFERROR(VLOOKUP(C11,Monsters!$T$4:$AH$15,8,FALSE),0))/(1+0.08*AK10)),1)),('Rules & Formulas'!B4*N10*('Rules & Formulas'!B5+O10)*IFERROR(VLOOKUP(C11,Monsters!$T$4:$AH$15,10,FALSE),0)*IFERROR(VLOOKUP(C11,Monsters!$T$4:$AH$15,9,FALSE),0))*(MIN(IF(B11="Go AFK",IF(D11="",0,D11),0),Z10/60)*60)),0))/MAX(1,IFERROR(VLOOKUP(C11,Monsters!$T$4:$AH$15,6,FALSE),0)),1)))*(IFERROR(VLOOKUP(C11,Monsters!$T$4:$AH$15,7,FALSE),0))*0.5*(1+0.1*AH10),0)+IF(AND((E11="OK"),B11="Fight boss",(IF((((105/'Rules & Formulas'!B10)*'Rules & Formulas'!B11+IF(AD10>=1,(MAX(1,ROUND('Rules & Formulas'!B18*(1+0.3*AE10)*(1+0.4*AF10),0)))*(1000/'Rules & Formulas'!B19)*MIN(0.95,'Rules & Formulas'!B20*SQRT(1+0.55*(AG10>=1))),0)))<=0,9999,(IFERROR(VLOOKUP(C11,Monsters!$T$4:$AH$15,2,FALSE),0))/(((105/'Rules & Formulas'!B10)*'Rules & Formulas'!B11+IF(AD10>=1,(MAX(1,ROUND('Rules & Formulas'!B18*(1+0.3*AE10)*(1+0.4*AF10),0)))*(1000/'Rules & Formulas'!B19)*MIN(0.95,'Rules & Formulas'!B20*SQRT(1+0.55*(AG10>=1))),0))))<='Rules & Formulas'!B12)),IFERROR(VLOOKUP(C11,Monsters!$T$4:$AH$15,3,FALSE),0),0)-IF(AND((E11="OK"),OR(B11="Buy upgrade",B11="Forge/Scrapwork buy"),IFERROR(VLOOKUP(C11,Upgrades!$N$4:$T$47,2,FALSE),0)="gold"),IFERROR(FLOOR(IFERROR(VLOOKUP(C11,Upgrades!$N$4:$T$47,3,FALSE),0)*(IFERROR(VLOOKUP(C11,Upgrades!$N$4:$T$47,4,FALSE),0)^(COUNTIFS($B$3:$B10,"Buy upgrade",$C$3:$C10,C11)+COUNTIFS($B$3:$B10,"Hire hunter",$C$3:$C10,C11)+COUNTIFS($B$3:$B10,"Forge/Scrapwork buy",$C$3:$C10,C11))),1),0),0)-IF(AND((E11="OK"),B11="Hire hunter"),IF(C11="Briar",140,IF(C11="Quill",3650,IF(C11="Moss",4850,IF(C11="Ember",12200,0)))),0)) | I11: =IF(AND((E11="OK"),B11="Fight boss",(IF((((105/'Rules & Formulas'!B10)*'Rules & Formulas'!B11+IF(AD10>=1,(MAX(1,ROUND('Rules & Formulas'!B18*(1+0.3*AE10)*(1+0.4*AF10),0)))*(1000/'Rules & Formulas'!B19)*MIN(0.95,'Rules & Formulas'!B20*SQRT(1+0.55*(AG10>=1))),0)))<=0,9999,(IFERROR(VLOOKUP(C11,Monsters!$T$4:$AH$15,2,FALSE),0))/(((105/'Rules & Formulas'!B10)*'Rules & Formulas'!B11+IF(AD10>=1,(MAX(1,ROUND('Rules & Formulas'!B18*(1+0.3*AE10)*(1+0.4*AF10),0)))*(1000/'Rules & Formulas'!B19)*MIN(0.95,'Rules & Formulas'!B20*SQRT(1+0.55*(AG10>=1))),0))))<='Rules & Formulas'!B12)),0,MIN(IF(G10<=1,120,IF(G10=2,280,600)),I10+IF(AND((E11="OK"),B11="Hunt"),((IF(B11="Hunt",(('Rules & Formulas'!B4*N10*('Rules & Formulas'!B5+O10)*IFERROR(VLOOKUP(C11,Monsters!$T$4:$AH$15,10,FALSE),0)*IFERROR(VLOOKUP(C11,Monsters!$T$4:$AH$15,9,FALSE),0))*'Rules & Formulas'!B6)*IF(D11="",0,D11),0))*(IFERROR(VLOOKUP(C11,Monsters!$T$4:$AH$15,4,FALSE),0))+(IF(OR(B11<>"Hunt",IFERROR(VLOOKUP(C11,Monsters!$T$4:$AH$15,6,FALSE),0)=0),0,FLOOR((IF(B11="Hunt",(('Rules & Formulas'!B4*N10*('Rules & Formulas'!B5+O10)*IFERROR(VLOOKUP(C11,Monsters!$T$4:$AH$15,10,FALSE),0)*IFERROR(VLOOKUP(C11,Monsters!$T$4:$AH$15,9,FALSE),0))*'Rules & Formulas'!B6)*IF(D11="",0,D11),0))/MAX(1,IFERROR(VLOOKUP(C11,Monsters!$T$4:$AH$15,6,FALSE),0)),1)))*(IFERROR(VLOOKUP(C11,Monsters!$T$4:$AH$15,7,FALSE),0))),0)+IF(AND((E11="OK"),B11="Go AFK"),((IF(B11="Go AFK",MIN(IF((IF((IFERROR(VLOOKUP(C11,Monsters!$T$4:$AH$15,8,FALSE),0))=0,0.35,IFERROR(VLOOKUP(C11,Monsters!$T$4:$AH$15,8,FALSE),0))/(1+0.08*AK10))<=0,999999,FLOOR(MIN(('Rules & Formulas'!B15+25*AJ10),M10+('Rules & Formulas'!B14+0.4*AJ10)*(MIN(IF(B11="Go AFK",IF(D11="",0,D11),0),Z10/60)*60))/(IF((IFERROR(VLOOKUP(C11,Monsters!$T$4:$AH$15,8,FALSE),0))=0,0.35,IFERROR(VLOOKUP(C11,Monsters!$T$4:$AH$15,8,FALSE),0))/(1+0.08*AK10)),1)),('Rules & Formulas'!B4*N10*('Rules & Formulas'!B5+O10)*IFERROR(VLOOKUP(C11,Monsters!$T$4:$AH$15,10,FALSE),0)*IFERROR(VLOOKUP(C11,Monsters!$T$4:$AH$15,9,FALSE),0))*(MIN(IF(B11="Go AFK",IF(D11="",0,D11),0),Z10/60)*60)),0))*(IFERROR(VLOOKUP(C11,Monsters!$T$4:$AH$15,4,FALSE),0))+(IF(OR(B11<>"Go AFK",IFERROR(VLOOKUP(C11,Monsters!$T$4:$AH$15,6,FALSE),0)=0),0,FLOOR((IF(B11="Go AFK",MIN(IF((IF((IFERROR(VLOOKUP(C11,Monsters!$T$4:$AH$15,8,FALSE),0))=0,0.35,IFERROR(VLOOKUP(C11,Monsters!$T$4:$AH$15,8,FALSE),0))/(1+0.08*AK10))<=0,999999,FLOOR(MIN(('Rules & Formulas'!B15+25*AJ10),M10+('Rules & Formulas'!B14+0.4*AJ10)*(MIN(IF(B11="Go AFK",IF(D11="",0,D11),0),Z10/60)*60))/(IF((IFERROR(VLOOKUP(C11,Monsters!$T$4:$AH$15,8,FALSE),0))=0,0.35,IFERROR(VLOOKUP(C11,Monsters!$T$4:$AH$15,8,FALSE),0))/(1+0.08*AK10)),1)),('Rules & Formulas'!B4*N10*('Rules & Formulas'!B5+O10)*IFERROR(VLOOKUP(C11,Monsters!$T$4:$AH$15,10,FALSE),0)*IFERROR(VLOOKUP(C11,Monsters!$T$4:$AH$15,9,FALSE),0))*(MIN(IF(B11="Go AFK",IF(D11="",0,D11),0),Z10/60)*60)),0))/MAX(1,IFERROR(VLOOKUP(C11,Monsters!$T$4:$AH$15,6,FALSE),0)),1)))*(IFERROR(VLOOKUP(C11,Monsters!$T$4:$AH$15,7,FALSE),0))),0))) | J11: =MAX(0,J10+IF(AND((E11="OK"),B11="Hunt"),(IF(B11="Hunt",(('Rules & Formulas'!B4*N10*('Rules & Formulas'!B5+O10)*IFERROR(VLOOKUP(C11,Monsters!$T$4:$AH$15,10,FALSE),0)*IFERROR(VLOOKUP(C11,Monsters!$T$4:$AH$15,9,FALSE),0))*'Rules & Formulas'!B6)*IF(D11="",0,D11),0))*(IFERROR(VLOOKUP(C11,Monsters!$T$4:$AH$15,5,FALSE),0)),0)+IF(AND((E11="OK"),B11="Go AFK"),(IF(B11="Go AFK",MIN(IF((IF((IFERROR(VLOOKUP(C11,Monsters!$T$4:$AH$15,8,FALSE),0))=0,0.35,IFERROR(VLOOKUP(C11,Monsters!$T$4:$AH$15,8,FALSE),0))/(1+0.08*AK10))<=0,999999,FLOOR(MIN(('Rules & Formulas'!B15+25*AJ10),M10+('Rules & Formulas'!B14+0.4*AJ10)*(MIN(IF(B11="Go AFK",IF(D11="",0,D11),0),Z10/60)*60))/(IF((IFERROR(VLOOKUP(C11,Monsters!$T$4:$AH$15,8,FALSE),0))=0,0.35,IFERROR(VLOOKUP(C11,Monsters!$T$4:$AH$15,8,FALSE),0))/(1+0.08*AK10)),1)),('Rules & Formulas'!B4*N10*('Rules & Formulas'!B5+O10)*IFERROR(VLOOKUP(C11,Monsters!$T$4:$AH$15,10,FALSE),0)*IFERROR(VLOOKUP(C11,Monsters!$T$4:$AH$15,9,FALSE),0))*(MIN(IF(B11="Go AFK",IF(D11="",0,D11),0),Z10/60)*60)),0))*(IFERROR(VLOOKUP(C11,Monsters!$T$4:$AH$15,5,FALSE),0)),0)-IF(AND((E11="OK"),OR(B11="Buy upgrade",B11="Forge/Scrapwork buy"),IFERROR(VLOOKUP(C11,Upgrades!$N$4:$T$47,2,FALSE),0)="scraps"),IFERROR(FLOOR(IFERROR(VLOOKUP(C11,Upgrades!$N$4:$T$47,3,FALSE),0)*(IFERROR(VLOOKUP(C11,Upgrades!$N$4:$T$47,4,FALSE),0)^(COUNTIFS($B$3:$B10,"Buy upgrade",$C$3:$C10,C11)+COUNTIFS($B$3:$B10,"Hire hunter",$C$3:$C10,C11)+COUNTIFS($B$3:$B10,"Forge/Scrapwork buy",$C$3:$C10,C11))),1),0),0)) | K11: =MAX(0,K10+IF(AND((E11="OK"),B11="Hunt"),IF(C11="Thornpelt Bear",(IF(B11="Hunt",(('Rules & Formulas'!B4*N10*('Rules & Formulas'!B5+O10)*IFERROR(VLOOKUP(C11,Monsters!$T$4:$AH$15,10,FALSE),0)*IFERROR(VLOOKUP(C11,Monsters!$T$4:$AH$15,9,FALSE),0))*'Rules & Formulas'!B6)*IF(D11="",0,D11),0))*0.12,0),0)+IF(AND((E11="OK"),B11="Go AFK"),IF(C11="Thornpelt Bear",(IF(B11="Go AFK",MIN(IF((IF((IFERROR(VLOOKUP(C11,Monsters!$T$4:$AH$15,8,FALSE),0))=0,0.35,IFERROR(VLOOKUP(C11,Monsters!$T$4:$AH$15,8,FALSE),0))/(1+0.08*AK10))<=0,999999,FLOOR(MIN(('Rules & Formulas'!B15+25*AJ10),M10+('Rules & Formulas'!B14+0.4*AJ10)*(MIN(IF(B11="Go AFK",IF(D11="",0,D11),0),Z10/60)*60))/(IF((IFERROR(VLOOKUP(C11,Monsters!$T$4:$AH$15,8,FALSE),0))=0,0.35,IFERROR(VLOOKUP(C11,Monsters!$T$4:$AH$15,8,FALSE),0))/(1+0.08*AK10)),1)),('Rules & Formulas'!B4*N10*('Rules & Formulas'!B5+O10)*IFERROR(VLOOKUP(C11,Monsters!$T$4:$AH$15,10,FALSE),0)*IFERROR(VLOOKUP(C11,Monsters!$T$4:$AH$15,9,FALSE),0))*(MIN(IF(B11="Go AFK",IF(D11="",0,D11),0),Z10/60)*60)),0))*0.12,0),0)) | L11: =MAX(0,L10+IF(AND((E11="OK"),B11="Hunt"),IF(C11="Dire Thornpelt",(IF(B11="Hunt",(('Rules & Formulas'!B4*N10*('Rules & Formulas'!B5+O10)*IFERROR(VLOOKUP(C11,Monsters!$T$4:$AH$15,10,FALSE),0)*IFERROR(VLOOKUP(C11,Monsters!$T$4:$AH$15,9,FALSE),0))*'Rules & Formulas'!B6)*IF(D11="",0,D11),0))*0.1,0),0)+IF(AND((E11="OK"),B11="Go AFK"),IF(C11="Dire Thornpelt",(IF(B11="Go AFK",MIN(IF((IF((IFERROR(VLOOKUP(C11,Monsters!$T$4:$AH$15,8,FALSE),0))=0,0.35,IFERROR(VLOOKUP(C11,Monsters!$T$4:$AH$15,8,FALSE),0))/(1+0.08*AK10))<=0,999999,FLOOR(MIN(('Rules & Formulas'!B15+25*AJ10),M10+('Rules & Formulas'!B14+0.4*AJ10)*(MIN(IF(B11="Go AFK",IF(D11="",0,D11),0),Z10/60)*60))/(IF((IFERROR(VLOOKUP(C11,Monsters!$T$4:$AH$15,8,FALSE),0))=0,0.35,IFERROR(VLOOKUP(C11,Monsters!$T$4:$AH$15,8,FALSE),0))/(1+0.08*AK10)),1)),('Rules & Formulas'!B4*N10*('Rules & Formulas'!B5+O10)*IFERROR(VLOOKUP(C11,Monsters!$T$4:$AH$15,10,FALSE),0)*IFERROR(VLOOKUP(C11,Monsters!$T$4:$AH$15,9,FALSE),0))*(MIN(IF(B11="Go AFK",IF(D11="",0,D11),0),Z10/60)*60)),0))*0.1,0),0)) | M11: =IF(AND((E11="OK"),B11="Go AFK"),MAX(0,MIN(('Rules & Formulas'!B15+25*AJ10),M10+('Rules & Formulas'!B14+0.4*AJ10)*(MIN(IF(B11="Go AFK",IF(D11="",0,D11),0),Z10/60)*60))-(IF(B11="Go AFK",MIN(IF((IF((IFERROR(VLOOKUP(C11,Monsters!$T$4:$AH$15,8,FALSE),0))=0,0.35,IFERROR(VLOOKUP(C11,Monsters!$T$4:$AH$15,8,FALSE),0))/(1+0.08*AK10))<=0,999999,FLOOR(MIN(('Rules & Formulas'!B15+25*AJ10),M10+('Rules & Formulas'!B14+0.4*AJ10)*(MIN(IF(B11="Go AFK",IF(D11="",0,D11),0),Z10/60)*60))/(IF((IFERROR(VLOOKUP(C11,Monsters!$T$4:$AH$15,8,FALSE),0))=0,0.35,IFERROR(VLOOKUP(C11,Monsters!$T$4:$AH$15,8,FALSE),0))/(1+0.08*AK10)),1)),('Rules & Formulas'!B4*N10*('Rules & Formulas'!B5+O10)*IFERROR(VLOOKUP(C11,Monsters!$T$4:$AH$15,10,FALSE),0)*IFERROR(VLOOKUP(C11,Monsters!$T$4:$AH$15,9,FALSE),0))*(MIN(IF(B11="Go AFK",IF(D11="",0,D11),0),Z10/60)*60)),0))*(IF((IFERROR(VLOOKUP(C11,Monsters!$T$4:$AH$15,8,FALSE),0))=0,0.35,IFERROR(VLOOKUP(C11,Monsters!$T$4:$AH$15,8,FALSE),0))/(1+0.08*AK10))),MIN(('Rules & Formulas'!B15+25*AJ11),M10)) | N11: =(1+0.08+0.12*AA11+0.12*AB11+0.16*AC11) | O11: =((AD11>=1)*1*(1+0.3*AE11)) | P11: =IF(OR(B11="Hunt",B11="Go AFK"),(('Rules & Formulas'!B4*N10*('Rules & Formulas'!B5+O10)*IFERROR(VLOOKUP(C11,Monsters!$T$4:$AH$15,10,FALSE),0)*IFERROR(VLOOKUP(C11,Monsters!$T$4:$AH$15,9,FALSE),0))*'Rules & Formulas'!B6),"") | Q11: =IF(OR(B11="Hunt",B11="Go AFK"),('Rules & Formulas'!B4*N10*('Rules & Formulas'!B5+O10)*IFERROR(VLOOKUP(C11,Monsters!$T$4:$AH$15,10,FALSE),0)*IFERROR(VLOOKUP(C11,Monsters!$T$4:$AH$15,9,FALSE),0)),"") | R11: =IF(AND((E11="OK"),B11="Hunt"),IF(B11="Hunt",(('Rules & Formulas'!B4*N10*('Rules & Formulas'!B5+O10)*IFERROR(VLOOKUP(C11,Monsters!$T$4:$AH$15,10,FALSE),0)*IFERROR(VLOOKUP(C11,Monsters!$T$4:$AH$15,9,FALSE),0))*'Rules & Formulas'!B6)*IF(D11="",0,D11),0),IF(AND((E11="OK"),B11="Go AFK"),IF(B11="Go AFK",MIN(IF((IF((IFERROR(VLOOKUP(C11,Monsters!$T$4:$AH$15,8,FALSE),0))=0,0.35,IFERROR(VLOOKUP(C11,Monsters!$T$4:$AH$15,8,FALSE),0))/(1+0.08*AK10))<=0,999999,FLOOR(MIN(('Rules & Formulas'!B15+25*AJ10),M10+('Rules & Formulas'!B14+0.4*AJ10)*(MIN(IF(B11="Go AFK",IF(D11="",0,D11),0),Z10/60)*60))/(IF((IFERROR(VLOOKUP(C11,Monsters!$T$4:$AH$15,8,FALSE),0))=0,0.35,IFERROR(VLOOKUP(C11,Monsters!$T$4:$AH$15,8,FALSE),0))/(1+0.08*AK10)),1)),('Rules & Formulas'!B4*N10*('Rules & Formulas'!B5+O10)*IFERROR(VLOOKUP(C11,Monsters!$T$4:$AH$15,10,FALSE),0)*IFERROR(VLOOKUP(C11,Monsters!$T$4:$AH$15,9,FALSE),0))*(MIN(IF(B11="Go AFK",IF(D11="",0,D11),0),Z10/60)*60)),0),0)) | S11: =(105/'Rules & Formulas'!B10)*'Rules & Formulas'!B11 | T11: =IF(AD10>=1,(MAX(1,ROUND('Rules & Formulas'!B18*(1+0.3*AE10)*(1+0.4*AF10),0)))*(1000/'Rules & Formulas'!B19)*MIN(0.95,'Rules & Formulas'!B20*SQRT(1+0.55*(AG10>=1))),0) | U11: =S11+T11 | V11: =IF(I10>=IF((IFERROR(VLOOKUP(C11,Monsters!$T$4:$AH$15,15,FALSE),0))=0,120,IFERROR(VLOOKUP(C11,Monsters!$T$4:$AH$15,15,FALSE),0)),"YES","no") | W11: =IF(AND(B11="Fight boss",E11="OK"),IF((((105/'Rules & Formulas'!B10)*'Rules & Formulas'!B11+IF(AD10>=1,(MAX(1,ROUND('Rules & Formulas'!B18*(1+0.3*AE10)*(1+0.4*AF10),0)))*(1000/'Rules & Formulas'!B19)*MIN(0.95,'Rules & Formulas'!B20*SQRT(1+0.55*(AG10>=1))),0)))<=0,9999,(IFERROR(VLOOKUP(C11,Monsters!$T$4:$AH$15,2,FALSE),0))/(((105/'Rules & Formulas'!B10)*'Rules & Formulas'!B11+IF(AD10>=1,(MAX(1,ROUND('Rules & Formulas'!B18*(1+0.3*AE10)*(1+0.4*AF10),0)))*(1000/'Rules & Formulas'!B19)*MIN(0.95,'Rules & Formulas'!B20*SQRT(1+0.55*(AG10>=1))),0)))),"") | X11: =IF(AND(B11="Fight boss",E11="OK"),IF((IF((((105/'Rules & Formulas'!B10)*'Rules & Formulas'!B11+IF(AD10>=1,(MAX(1,ROUND('Rules & Formulas'!B18*(1+0.3*AE10)*(1+0.4*AF10),0)))*(1000/'Rules & Formulas'!B19)*MIN(0.95,'Rules & Formulas'!B20*SQRT(1+0.55*(AG10>=1))),0)))<=0,9999,(IFERROR(VLOOKUP(C11,Monsters!$T$4:$AH$15,2,FALSE),0))/(((105/'Rules & Formulas'!B10)*'Rules & Formulas'!B11+IF(AD10>=1,(MAX(1,ROUND('Rules & Formulas'!B18*(1+0.3*AE10)*(1+0.4*AF10),0)))*(1000/'Rules & Formulas'!B19)*MIN(0.95,'Rules & Formulas'!B20*SQRT(1+0.55*(AG10>=1))),0))))<='Rules & Formulas'!B12),"WIN","LOSE"),"") | Y11: =IF(B11="Go AFK",MIN(IF(B11="Go AFK",IF(D11="",0,D11),0),Z10/60),"") | Z11: =('Rules & Formulas'!B13+30*AI11) | AA11: =COUNTIFS($B$3:$B11,"Buy upgrade",$C$3:$C11,"Idle Power") | AB11: =COUNTIFS($B$3:$B11,"Buy upgrade",$C$3:$C11,"Iron Blade") | AC11: =COUNTIFS($B$3:$B11,"Buy upgrade",$C$3:$C11,"Steel Blade") | AD11: =COUNTIFS($B$3:$B11,"Hire hunter",$C$3:$C11,"Briar")+COUNTIFS($B$3:$B11,"Buy upgrade",$C$3:$C11,"Hire Briar") | AE11: =COUNTIFS($B$3:$B11,"Buy upgrade",$C$3:$C11,"Hunter Power") | AF11: =COUNTIFS($B$3:$B11,"Buy upgrade",$C$3:$C11,"Bigger Hits") | AG11: =COUNTIFS($B$3:$B11,"Buy upgrade",$C$3:$C11,"Swift Walk") | AH11: =COUNTIFS($B$3:$B11,"Buy upgrade",$C$3:$C11,"Loot Luck") | AI11: =COUNTIFS($B$3:$B11,"Buy upgrade",$C$3:$C11,"Offline Cap") | AJ11: =COUNTIFS($B$3:$B11,"Buy upgrade",$C$3:$C11,"Bigger Food Stock") | AK11: =COUNTIFS($B$3:$B11,"Buy upgrade",$C$3:$C11,"Food Efficiency")
